id,korean_name,scientific_name,english_name,taxon_group,name_provisional,iucn_category,iucn_scope,iucn_assessment_id,iucn_assessment_year,iucn_source,iucn_match_status,korea_nie_grade,korea_grade_source,korea_statute_scientific_name,mismatch_flag,mismatch_type,severity_gap,gbif_usage_key,gbif_match_type,gbif_rank,gbif_occurrence_kr,gbif_occurrence_total,gbif_habitats,iucn_threats_count,card_present,warnings_count,statute_rank,iucn_concept_relation,iucn_range_includes_korea,mismatch_type_any_concept,severity_gap_any_concept,iucn_assessment_outdated,warning_codes,korea_statutory_grade,iucn_counterpart_name,iucn_relation_basis,warning_messages_ko
hanuel_daramji,하늘다람쥐,Pteromys volans,Siberian flying squirrel,포유류,False,LC,Global,115144995,2016,iucn_api_v4,matched_at_species_rank,II급,statute_verified,Pteromys volans aluco,,not_comparable,,2437258,EXACT,SPECIES,324,97882,terrestrial,4,True,3,subspecies,broader,True,korea_stricter,2,True,iucn_matched_at_species_rank|gbif_values_species_rank|iucn_assessment_outdated,II급,,inferred,"[iucn_matched_at_species_rank] 별표는 아종 Pteromys volans aluco 을(를) 지정하나 IUCN 의 현행 평가는 종 Pteromys volans 에만 있다. 같은 단위가 아니므로 같은 분류군 비교(mismatch_type)에서는 뺀다(not_comparable). 분류군 조건 없는 비교 열(mismatch_type_any_concept)에서만 비교한다(korea_stricter, +2: 법정 등급이 IUCN 범주보다 2칸 엄격) | [gbif_values_species_rank] 별표 1 은 아종 Pteromys volans aluco 을(를) 지정한다. GBIF 값은 종 Pteromys volans 의 값이다 | [iucn_assessment_outdated] 평가일(2016-08-19)이 조회일보다 10년 넘게 앞선다"
suri_buheongi,수리부엉이,Bubo bubo,Eurasian eagle-owl,조류,False,LC,Global,280978716,2025,iucn_api_v4,matched,II급,statute_verified,Bubo bubo,True,korea_stricter,2,5959092,EXACT,SPECIES,424,192101,Terrestrial|terrestrial,0,True,0,species,same,True,korea_stricter,2,False,,II급,,inferred,
geum_gaeguri,금개구리,Pelophylax chosenicus,Seoul pond frog,양서류,False,VU,Global,110101963,2021,iucn_api_v4,matched,II급,statute_verified,Pelophylax chosenicus,False,aligned,0,2426645,EXACT,SPECIES,453,489,,5,True,0,species,same,True,aligned,0,False,,II급,,inferred,
bandal_gaseumgom,반달가슴곰,Ursus thibetanus,Asiatic black bear,포유류,False,VU,Global,166528664,2020,iucn_api_v4,matched_at_species_rank,I급,statute_verified,Ursus thibetanus ussuricus,,not_comparable,,9335699,EXACT,SPECIES,4,1900,,13,True,3,subspecies,broader,True,korea_stricter,2,True,iucn_matched_at_species_rank|gbif_values_species_rank|iucn_assessment_outdated,I급,,inferred,"[iucn_matched_at_species_rank] 별표는 아종 Ursus thibetanus ussuricus 을(를) 지정하나 IUCN 의 현행 평가는 종 Ursus thibetanus 에만 있다. 같은 단위가 아니므로 같은 분류군 비교(mismatch_type)에서는 뺀다(not_comparable). 분류군 조건 없는 비교 열(mismatch_type_any_concept)에서만 비교한다(korea_stricter, +2: 법정 등급이 IUCN 범주보다 2칸 엄격) | [gbif_values_species_rank] 별표 1 은 아종 Ursus thibetanus ussuricus 을(를) 지정한다. GBIF 값은 종 Ursus thibetanus 의 값이다 | [iucn_assessment_outdated] 평가일(2016-03-17)이 조회일보다 10년 넘게 앞선다"
sudal,수달,Lutra lutra,Eurasian otter,포유류,False,NT,Global,218069689,2022,iucn_api_v4,matched,I급,statute_verified,Lutra lutra,True,korea_stricter,3,2433753,EXACT,SPECIES,3613,320658,Terrestrial,23,True,0,species,same,True,korea_stricter,3,False,,I급,,inferred,
namsaengi,남생이,Mauremys reevesii,Reeves' pond turtle,파충류,False,EN,Global,97431862,2011,iucn_api_v4,matched,II급,statute_verified,Mauremys reevesii,True,iucn_stricter,-1,2443597,EXACT,SPECIES,91,2196,Freshwater; Freshwater-terrestrial|freshwater|terrestrial|terrestrial|freshwater,5,True,1,species,same,True,iucn_stricter,-1,True,iucn_assessment_outdated,II급,,inferred,[iucn_assessment_outdated] 평가일(2011-03-21)이 조회일보다 10년 넘게 앞선다
durumi,두루미,Grus japonensis,Red-crowned crane,조류,False,VU,Global,213488064,2021,iucn_api_v4,matched,I급,statute_verified,Grus japonensis,True,korea_stricter,2,2474944,EXACT,SPECIES,1372,7769,Freshwater; Freshwater-terrestrial|freshwater,7,True,0,species,same,True,korea_stricter,2,False,,I급,,inferred,
jeoeosae,저어새,Platalea minor,Black-faced spoonbill,조류,False,VU,Global,154689773,2025,iucn_api_v4,matched,I급,statute_verified,Platalea minor,True,korea_stricter,2,2480805,EXACT,SPECIES,16679,94093,,8,True,0,species,same,True,korea_stricter,2,False,,I급,,inferred,
jeombakyi_mulbeom,점박이물범,Phoca largha,Spotted seal,포유류,False,LC,Global,288662409,2026,iucn_api_v4,matched,I급,statute_verified,Phoca largha,True,korea_stricter,4,2434791,EXACT,SPECIES,40,31996,,8,True,1,species,same,True,korea_stricter,4,False,card_grade_differs_from_statute,I급,,inferred,[card_grade_differs_from_statute] 카드에 적힌 등급(II급)이 별표 1 의 법정 등급(I급)과 다르다. 법정 등급으로 가르칠 것
maengkkongi,맹꽁이,Kaloula borealis,Boreal digging frog,양서류,False,LC,Global,63887081,2020,iucn_api_v4,matched,II급,statute_verified,Kaloula borealis,True,korea_stricter,2,2421640,EXACT,SPECIES,2146,3045,,9,True,0,species,same,True,korea_stricter,2,False,,II급,,inferred,
kkulbeol,꿀벌,Apis mellifera,Western honey bee,곤충,True,DD,Europe,277757621,2025,iucn_api_v4,matched,,none,,,,,1341976,EXACT,SPECIES,6388,1281350,Terrestrial|terrestrial,8,True,1,,same,False,,,False,iucn_regional_assessment,,,inferred,[iucn_regional_assessment] IUCN 범주가 전 지구 평가가 아니라 Europe 지역 평가에서 왔다 (평가 277757621). 법정 등급과 비교하지 않는다(`iucn_scope` 열 참고). 전 지구 범주만 쓰는 연구는 제외할 것
mindeulle,민들레,Taraxacum officinale,Common dandelion,식물,True,LC,Europe,209187924,2026,iucn_api_v4,matched,,none,,,,,5394163,EXACT,SPECIES,4049,492019,"Terrestrial|bmh-PM, bmh-MB, bh-MB, bs-MB, bh-MB|terrestrial",0,True,1,,same,False,,,False,iucn_regional_assessment,,,inferred,[iucn_regional_assessment] IUCN 범주가 전 지구 평가가 아니라 Europe 지역 평가에서 왔다 (평가 209187924). 법정 등급과 비교하지 않는다(`iucn_scope` 열 참고). 전 지구 범주만 쓰는 연구는 제외할 것
jireongi,지렁이,Eisenia fetida,Red wiggler,무척추동물,True,,,,,iucn_none_returned,name_unresolved,,none,,,,,5815560,EXACT,SPECIES,34,4044,Freshwater|Freshwater; Freshwater-terrestrial|Terrestrial|terrestrial,0,True,0,,,,,,,,,,,
chamsae,참새,Passer montanus,Eurasian tree sparrow,조류,False,LC,Global,137421099,2025,iucn_api_v4,matched,,none,,,,,5231198,EXACT,SPECIES,95055,4316212,Terrestrial|terrestrial,2,True,0,,same,True,,,False,,,,inferred,
jebi,제비,Hirundo rustica,Barn swallow,조류,False,LC,Global,137668645,2019,iucn_api_v4,matched,,none,,,,,9515886,EXACT,SPECIES,25727,17486880,"Espacio aéreo | Pastos | Vivienda|Grassland|Savana|Vegetación acuática, zonas abiertas",7,True,0,,same,True,,,False,,,,inferred,
baechuhinnabi,배추흰나비,Pieris rapae,Small white butterfly,곤충,False,LC,Europe,211416733,2025,iucn_api_v4,matched,,none,,,,,1920496,EXACT,SPECIES,10254,3717305,Terrestrial|terrestrial,0,True,1,,same,False,,,False,iucn_regional_assessment,,,inferred,[iucn_regional_assessment] IUCN 범주가 전 지구 평가가 아니라 Europe 지역 평가에서 왔다 (평가 211416733). 법정 등급과 비교하지 않는다(`iucn_scope` 열 참고). 전 지구 범주만 쓰는 연구는 제외할 것
