id,korean_name,scientific_name,taxon_group,statute_rank,korea_statute_scientific_name,korea_statutory_grade,korea_grade_source,iucn_category,iucn_scope,iucn_assessment_id,iucn_assessment_year,iucn_assessment_outdated,iucn_source,iucn_match_status,iucn_query_name,iucn_concept_relation,iucn_range_includes_korea,iucn_counterpart_name,mismatch_flag,mismatch_type,severity_gap,mismatch_type_any_concept,severity_gap_any_concept,gbif_usage_key,gbif_match_type,gbif_rank,gbif_match_accepted,warning_codes,iucn_relation_basis,warning_messages_ko
kd-포유류-I급-001,늑대,Canis lupus,포유류,subspecies,Canis lupus coreanus,I급,statute_verified,LC,Global,226161232,2026,False,iucn_api_v4,matched_at_species_rank,Canis lupus,broader,True,,,not_comparable,,korea_stricter,4,5219173,EXACT,SPECIES,True,iucn_matched_at_species_rank,inferred,[iucn_matched_at_species_rank] 별표는 아종 Canis lupus coreanus 을(를) 지정하나 IUCN 의 현행 평가는 종 Canis lupus 에만 있다. 같은 단위가 아니므로 같은 분류군 비교(mismatch_type)에서는 뺀다(not_comparable). 분류군 조건 없는 비교 열(mismatch_type_any_concept)에서만 비교한다
kd-포유류-I급-002,대륙사슴,Cervus nippon,포유류,subspecies,Cervus nippon hortulorum,I급,statute_verified,LC,Global,22155877,2015,True,iucn_api_v4,matched_at_species_rank,Cervus nippon,broader,True,,,not_comparable,,korea_stricter,4,2440954,EXACT,SPECIES,True,iucn_matched_at_species_rank|iucn_assessment_outdated,inferred,[iucn_matched_at_species_rank] 별표는 아종 Cervus nippon hortulorum 을(를) 지정하나 IUCN 의 현행 평가는 종 Cervus nippon 에만 있다. 같은 단위가 아니므로 같은 분류군 비교(mismatch_type)에서는 뺀다(not_comparable). 분류군 조건 없는 비교 열(mismatch_type_any_concept)에서만 비교한다 | [iucn_assessment_outdated] 평가일(2014-11-17)이 조회일보다 10년 넘게 앞선다
kd-포유류-I급-003,무산쇠족제비,Mustela nivalis,포유류,species,Mustela nivalis,I급,statute_verified,LC,Global,147993366,2019,True,iucn_api_v4,matched,Mustela nivalis,same,True,,True,korea_stricter,4,korea_stricter,4,5218987,EXACT,SPECIES,True,iucn_assessment_outdated,inferred,[iucn_assessment_outdated] 평가일(2015-05-02)이 조회일보다 10년 넘게 앞선다
kd-포유류-I급-004,물범,Phoca largha,포유류,species,Phoca largha,I급,statute_verified,LC,Global,288662409,2026,False,iucn_api_v4,matched,Phoca largha,same,True,,True,korea_stricter,4,korea_stricter,4,2434791,EXACT,SPECIES,True,,inferred,
kd-포유류-I급-005,반달가슴곰,Ursus thibetanus,포유류,subspecies,Ursus thibetanus ussuricus,I급,statute_verified,VU,Global,166528664,2020,True,iucn_api_v4,matched_at_species_rank,Ursus thibetanus,broader,True,,,not_comparable,,korea_stricter,2,9335699,EXACT,SPECIES,True,iucn_matched_at_species_rank|iucn_assessment_outdated,inferred,[iucn_matched_at_species_rank] 별표는 아종 Ursus thibetanus ussuricus 을(를) 지정하나 IUCN 의 현행 평가는 종 Ursus thibetanus 에만 있다. 같은 단위가 아니므로 같은 분류군 비교(mismatch_type)에서는 뺀다(not_comparable). 분류군 조건 없는 비교 열(mismatch_type_any_concept)에서만 비교한다 | [iucn_assessment_outdated] 평가일(2016-03-17)이 조회일보다 10년 넘게 앞선다
kd-포유류-I급-006,붉은박쥐,Myotis rufoniger,포유류,species,Myotis rufoniger,I급,statute_verified,LC,Global,85735913,2020,False,iucn_api_v4,matched,Myotis rufoniger,same,True,,True,korea_stricter,4,korea_stricter,4,7345703,EXACT,SPECIES,True,,inferred,
kd-포유류-I급-007,사향노루,Moschus moschiferus,포유류,species,Moschus moschiferus,I급,statute_verified,VU,Global,61977573,2015,True,iucn_api_v4,matched,Moschus moschiferus,same,True,,True,korea_stricter,2,korea_stricter,2,2440988,EXACT,SPECIES,True,iucn_assessment_outdated,inferred,[iucn_assessment_outdated] 평가일(2014-11-17)이 조회일보다 10년 넘게 앞선다
kd-포유류-I급-008,산양,Naemorhedus caudatus,포유류,species,Naemorhedus caudatus,I급,statute_verified,VU,Global,22150540,2020,False,iucn_api_v4,matched,Naemorhedus caudatus,same,True,,True,korea_stricter,2,korea_stricter,2,2441011,EXACT,SPECIES,True,,inferred,
kd-포유류-I급-009,수달,Lutra lutra,포유류,species,Lutra lutra,I급,statute_verified,NT,Global,218069689,2022,False,iucn_api_v4,matched,Lutra lutra,same,True,,True,korea_stricter,3,korea_stricter,3,2433753,EXACT,SPECIES,True,,inferred,
kd-포유류-I급-010,스라소니,Lynx lynx,포유류,species,Lynx lynx,I급,statute_verified,LC,Global,121707666,2015,True,iucn_api_v4,matched,Lynx lynx,same,True,,True,korea_stricter,4,korea_stricter,4,2435240,EXACT,SPECIES,True,iucn_assessment_outdated,inferred,[iucn_assessment_outdated] 평가일(2014-04-20)이 조회일보다 10년 넘게 앞선다
kd-포유류-I급-011,여우,Vulpes vulpes,포유류,subspecies,Vulpes vulpes peculiosa,I급,statute_verified,LC,Global,193903628,2021,True,iucn_api_v4,matched_at_species_rank,Vulpes vulpes,broader,True,,,not_comparable,,korea_stricter,4,5219243,EXACT,SPECIES,True,iucn_matched_at_species_rank|iucn_assessment_outdated,inferred,[iucn_matched_at_species_rank] 별표는 아종 Vulpes vulpes peculiosa 을(를) 지정하나 IUCN 의 현행 평가는 종 Vulpes vulpes 에만 있다. 같은 단위가 아니므로 같은 분류군 비교(mismatch_type)에서는 뺀다(not_comparable). 분류군 조건 없는 비교 열(mismatch_type_any_concept)에서만 비교한다 | [iucn_assessment_outdated] 평가일(2016-03-01)이 조회일보다 10년 넘게 앞선다
kd-포유류-I급-012,작은관코박쥐,Murina ussuriensis,포유류,species,Murina ussuriensis,I급,statute_verified,LC,Global,22095832,2019,False,iucn_api_v4,matched,Murina ussuriensis,same,True,,True,korea_stricter,4,korea_stricter,4,2432323,EXACT,SPECIES,True,,inferred,
kd-포유류-I급-013,표범,Panthera pardus,포유류,subspecies,Panthera pardus orientalis,I급,statute_verified,VU,Global,286153337,2025,False,iucn_api_v4,matched_at_species_rank,Panthera pardus,broader,True,,,not_comparable,,korea_stricter,2,5219436,EXACT,SPECIES,True,iucn_matched_at_species_rank,inferred,"[iucn_matched_at_species_rank] 별표는 아종 Panthera pardus orientalis 을(를) 지정하나 IUCN 의 현행 평가는 종 Panthera pardus 에만 있다. 같은 단위가 아니므로 같은 분류군 비교(mismatch_type)에서는 뺀다(not_comparable). 분류군 조건 없는 비교 열(mismatch_type_any_concept)에서만 비교한다. 아종 Panthera pardus orientalis 에는 현행(latest) 평가가 없다. 지난 평가 4건: 2008 CR (5333757), 1996 CR (5333803), 1996 CR (5333717), 1994 E (5333736). 지난 평가는 어느 비교에도 쓰지 않는다. 이 가운데 E 는 현행(3.1) 이전 범주 체계의 값이다(iucn_derived.json 의 legacy_category). 이와 별도로 미평가(NE) 항목 1건: 2016 NE (96947390) (아종을 더는 평가하지 않는다는 기록이며 평가가 아니다)"
kd-포유류-I급-014,호랑이,Panthera tigris,포유류,subspecies,Panthera tigris altaica,I급,statute_verified,EN,Global,214862019,2022,False,iucn_api_v4,matched_at_species_rank,Panthera tigris,broader,True,,,not_comparable,,korea_stricter,1,5219416,EXACT,SPECIES,True,iucn_matched_at_species_rank|iucn_taxon_hand_mapped,inferred,"[iucn_matched_at_species_rank] 별표는 아종 Panthera tigris altaica 을(를) 지정하나 IUCN 의 현행 평가는 종 Panthera tigris 에만 있다. 같은 단위가 아니므로 같은 분류군 비교(mismatch_type)에서는 뺀다(not_comparable). 분류군 조건 없는 비교 열(mismatch_type_any_concept)에서만 비교한다. 아종 Panthera tigris ssp. altaica 에는 현행(latest) 평가가 없다; 이 분류군은 이름 조회로는 나오지 않아 SIS 15956 로 읽었다. 지난 평가 6건: 2011 EN (5333650), 2010 EN (5333577), 2008 EN (5333433), 1996 CR (5333504), 1996 CR (5333390), 1965 N/A (5333411). 지난 평가는 어느 비교에도 쓰지 않는다. 이 가운데 N/A 는 현행(3.1) 이전 범주 체계의 값이다(iucn_derived.json 의 legacy_category) | [iucn_taxon_hand_mapped] 이름 조회(infra_name)로는 IUCN 분류군이 나오지 않아 손으로 확인한 SIS 15956 로 아종 분류군을 읽었다. 이 대응은 경고의 지난 평가 목록에만 쓰이고 등급·괴리 값에는 영향이 없다"
kd-포유류-II급-001,담비,Martes flavigula,포유류,species,Martes flavigula,II급,statute_verified,LC,Global,259348347,2024,True,iucn_api_v4,matched,Martes flavigula,same,True,,True,korea_stricter,2,korea_stricter,2,5218844,EXACT,SPECIES,True,iucn_assessment_outdated,inferred,[iucn_assessment_outdated] 평가일(2015-03-03)이 조회일보다 10년 넘게 앞선다
kd-포유류-II급-002,물개,Callorhinus ursinus,포유류,species,Callorhinus ursinus,II급,statute_verified,VU,Global,45224953,2015,True,iucn_api_v4,matched,Callorhinus ursinus,same,True,,False,aligned,0,aligned,0,2433487,EXACT,SPECIES,True,iucn_assessment_outdated,inferred,[iucn_assessment_outdated] 평가일(2015-03-26)이 조회일보다 10년 넘게 앞선다
kd-포유류-II급-003,삵,Prionailurus bengalensis,포유류,species,Prionailurus bengalensis,II급,statute_verified,LC,Global,226150742,2023,False,iucn_api_v4,matched,Prionailurus bengalensis,same,True,,True,korea_stricter,2,korea_stricter,2,2434903,EXACT,SPECIES,True,,inferred,
kd-포유류-II급-004,큰바다사자,Eumetopias jubatus,포유류,species,Eumetopias jubatus,II급,statute_verified,NT,Global,45225749,2016,True,iucn_api_v4,matched,Eumetopias jubatus,same,True,,True,korea_stricter,1,korea_stricter,1,2433462,EXACT,SPECIES,True,iucn_assessment_outdated,inferred,[iucn_assessment_outdated] 평가일(2016-02-04)이 조회일보다 10년 넘게 앞선다
kd-포유류-II급-005,토끼박쥐,Plecotus ognevi,포유류,species,Plecotus ognevi,II급,statute_verified,LC,Global,21996784,2019,False,iucn_api_v4,matched,Plecotus ognevi,same,True,,True,korea_stricter,2,korea_stricter,2,5787717,EXACT,SPECIES,True,,inferred,
kd-포유류-II급-006,하늘다람쥐,Pteromys volans,포유류,subspecies,Pteromys volans aluco,II급,statute_verified,LC,Global,115144995,2016,True,iucn_api_v4,matched_at_species_rank,Pteromys volans,broader,True,,,not_comparable,,korea_stricter,2,2437258,EXACT,SPECIES,True,iucn_matched_at_species_rank|iucn_assessment_outdated,inferred,[iucn_matched_at_species_rank] 별표는 아종 Pteromys volans aluco 을(를) 지정하나 IUCN 의 현행 평가는 종 Pteromys volans 에만 있다. 같은 단위가 아니므로 같은 분류군 비교(mismatch_type)에서는 뺀다(not_comparable). 분류군 조건 없는 비교 열(mismatch_type_any_concept)에서만 비교한다 | [iucn_assessment_outdated] 평가일(2016-08-19)이 조회일보다 10년 넘게 앞선다
kd-조류-I급-001,검독수리,Aquila chrysaetos,조류,species,Aquila chrysaetos,I급,statute_verified,LC,Global,202078899,2021,False,iucn_api_v4,matched,Aquila chrysaetos,same,True,,True,korea_stricter,4,korea_stricter,4,2480506,EXACT,SPECIES,True,,inferred,
kd-조류-I급-002,고니,Cygnus columbianus,조류,species,Cygnus columbianus,I급,statute_verified,LC,Global,269937332,2025,False,iucn_api_v4,matched,Cygnus columbianus,same,True,,True,korea_stricter,4,korea_stricter,4,2498338,EXACT,SPECIES,True,,inferred,
kd-조류-I급-003,넓적부리도요,Eurynorhynchus pygmeus,조류,species,Eurynorhynchus pygmeus,I급,statute_verified,CR,Global,154738156,2021,False,iucn_api_v4,matched_via_synonym,Calidris pygmaea,same,True,,False,aligned,0,aligned,0,2481833,EXACT,SPECIES,True,iucn_matched_via_synonym,inferred,[iucn_matched_via_synonym] IUCN 은 이 종을 Calidris pygmaea 로 평가한다 (별표 표기 Eurynorhynchus pygmeus; 경로 gbif_accepted_name)
kd-조류-I급-004,노랑부리백로,Egretta eulophotes,조류,species,Egretta eulophotes,I급,statute_verified,VU,Global,154698211,2025,False,iucn_api_v4,matched,Egretta eulophotes,same,True,,True,korea_stricter,2,korea_stricter,2,2480887,EXACT,SPECIES,True,,inferred,
kd-조류-I급-005,느시,Otis tarda,조류,species,Otis tarda,I급,statute_verified,EN,Global,226280431,2023,False,iucn_api_v4,matched,Otis tarda,same,True,,True,korea_stricter,1,korea_stricter,1,2474921,EXACT,SPECIES,True,,inferred,
kd-조류-I급-006,두루미,Grus japonensis,조류,species,Grus japonensis,I급,statute_verified,VU,Global,213488064,2021,False,iucn_api_v4,matched,Grus japonensis,same,True,,True,korea_stricter,2,korea_stricter,2,2474944,EXACT,SPECIES,True,,inferred,
kd-조류-I급-007,먹황새,Ciconia nigra,조류,species,Ciconia nigra,I급,statute_verified,LC,Global,281840802,2025,False,iucn_api_v4,matched,Ciconia nigra,same,True,,True,korea_stricter,4,korea_stricter,4,2481909,EXACT,SPECIES,True,,inferred,
kd-조류-I급-008,뿔제비갈매기,Thalasseus bernsteini,조류,species,Thalasseus bernsteini,I급,statute_verified,CR,Global,131118818,2018,False,iucn_api_v4,matched,Thalasseus bernsteini,same,True,,False,aligned,0,aligned,0,6065837,EXACT,SPECIES,True,,inferred,
kd-조류-I급-009,저어새,Platalea minor,조류,species,Platalea minor,I급,statute_verified,VU,Global,154689773,2025,False,iucn_api_v4,matched,Platalea minor,same,True,,True,korea_stricter,2,korea_stricter,2,2480805,EXACT,SPECIES,True,,inferred,
kd-조류-I급-010,참수리,Haliaeetus pelagicus,조류,species,Haliaeetus pelagicus,I급,statute_verified,VU,Global,204871862,2021,False,iucn_api_v4,matched,Haliaeetus pelagicus,same,True,,True,korea_stricter,2,korea_stricter,2,2480445,EXACT,SPECIES,True,,inferred,
kd-조류-I급-011,청다리도요사촌,Tringa guttifer,조류,species,Tringa guttifer,I급,statute_verified,EN,Global,223484923,2024,False,iucn_api_v4,matched,Tringa guttifer,same,True,,True,korea_stricter,1,korea_stricter,1,2481723,EXACT,SPECIES,True,,inferred,
kd-조류-I급-012,크낙새,Dryocopus javensis,조류,species,Dryocopus javensis,I급,statute_verified,LC,Global,275512522,2025,False,iucn_api_v4,matched,Dryocopus javensis,same,True,,True,korea_stricter,4,korea_stricter,4,5228839,EXACT,SPECIES,True,,inferred,
kd-조류-I급-013,호사비오리,Mergus squamatus,조류,species,Mergus squamatus,I급,statute_verified,EN,Global,244637355,2025,False,iucn_api_v4,matched,Mergus squamatus,same,True,,True,korea_stricter,1,korea_stricter,1,5232483,EXACT,SPECIES,True,,inferred,
kd-조류-I급-014,혹고니,Cygnus olor,조류,species,Cygnus olor,I급,statute_verified,LC,Global,281844289,2025,False,iucn_api_v4,matched,Cygnus olor,same,True,,True,korea_stricter,4,korea_stricter,4,2498343,EXACT,SPECIES,True,,inferred,
kd-조류-I급-015,황새,Ciconia boyciana,조류,species,Ciconia boyciana,I급,statute_verified,EN,Global,131942061,2018,False,iucn_api_v4,matched,Ciconia boyciana,same,True,,True,korea_stricter,1,korea_stricter,1,2481916,EXACT,SPECIES,True,,inferred,
kd-조류-I급-016,흰꼬리수리,Haliaeetus albicilla,조류,species,Haliaeetus albicilla,I급,statute_verified,LC,Global,206723035,2021,False,iucn_api_v4,matched,Haliaeetus albicilla,same,True,,True,korea_stricter,4,korea_stricter,4,2480449,EXACT,SPECIES,True,,inferred,
kd-조류-II급-001,개리,Anser cygnoides,조류,species,Anser cygnoides,II급,statute_verified,EN,Global,228564177,2023,False,iucn_api_v4,matched_via_synonym,Anser cygnoid,same,True,,True,iucn_stricter,-1,iucn_stricter,-1,2498034,EXACT,SPECIES,True,iucn_matched_via_synonym,inferred,[iucn_matched_via_synonym] IUCN 은 이 종을 Anser cygnoid 로 평가한다 (별표 표기 Anser cygnoides; 경로 gbif_synonym)
kd-조류-II급-002,검은머리갈매기,Larus saundersi,조류,species,Larus saundersi,II급,statute_verified,VU,Global,132551327,2018,False,iucn_api_v4,matched_via_synonym,Saundersilarus saundersi,same,True,,False,aligned,0,aligned,0,2481145,EXACT,SPECIES,True,iucn_matched_via_synonym,inferred,[iucn_matched_via_synonym] IUCN 은 이 종을 Saundersilarus saundersi 로 평가한다 (별표 표기 Larus saundersi; 경로 gbif_synonym)
kd-조류-II급-003,검은머리물떼새,Haematopus ostralegus,조류,species,Haematopus ostralegus,II급,statute_verified,NT,Global,154998347,2019,False,iucn_api_v4,matched,Haematopus ostralegus,same,True,,True,korea_stricter,1,korea_stricter,1,7788295,EXACT,SPECIES,True,,inferred,
kd-조류-II급-004,검은머리촉새,Emberiza aureola,조류,species,Emberiza aureola,II급,statute_verified,CR,Global,119335690,2017,False,iucn_api_v4,matched,Emberiza aureola,same,True,,True,iucn_stricter,-2,iucn_stricter,-2,2491518,EXACT,SPECIES,True,,inferred,
kd-조류-II급-005,검은목두루미,Grus grus,조류,species,Grus grus,II급,statute_verified,LC,Global,265333107,2025,False,iucn_api_v4,matched,Grus grus,same,True,,True,korea_stricter,2,korea_stricter,2,2474950,EXACT,SPECIES,True,,inferred,
kd-조류-II급-006,고대갈매기,Larus relictus,조류,species,Larus relictus,II급,statute_verified,VU,Global,119398496,2017,False,iucn_api_v4,matched,Larus relictus,same,True,,False,aligned,0,aligned,0,2481199,EXACT,SPECIES,True,,inferred,
kd-조류-II급-007,긴꼬리딱새,Terpsiphone atrocaudata,조류,species,Terpsiphone atrocaudata,II급,statute_verified,LC,Global,154681084,2023,False,iucn_api_v4,matched,Terpsiphone atrocaudata,same,True,,True,korea_stricter,2,korea_stricter,2,2486680,EXACT,SPECIES,True,,inferred,
kd-조류-II급-008,긴점박이올빼미,Strix uralensis,조류,species,Strix uralensis,II급,statute_verified,LC,Global,199908915,2021,False,iucn_api_v4,matched,Strix uralensis,same,True,,True,korea_stricter,2,korea_stricter,2,2497509,EXACT,SPECIES,True,,inferred,
kd-조류-II급-009,까막딱다구리,Dryocopus martius,조류,species,Dryocopus martius,II급,statute_verified,LC,Global,264542554,2024,False,iucn_api_v4,matched,Dryocopus martius,same,True,,True,korea_stricter,2,korea_stricter,2,2477872,EXACT,SPECIES,True,,inferred,
kd-조류-II급-010,노랑부리저어새,Platalea leucorodia,조류,species,Platalea leucorodia,II급,statute_verified,LC,Global,281857155,2025,False,iucn_api_v4,matched,Platalea leucorodia,same,True,,True,korea_stricter,2,korea_stricter,2,2480801,EXACT,SPECIES,True,,inferred,
kd-조류-II급-011,독수리,Aegypius monachus,조류,species,Aegypius monachus,II급,statute_verified,NT,Global,154915043,2021,False,iucn_api_v4,matched,Aegypius monachus,same,True,,True,korea_stricter,1,korea_stricter,1,5229165,EXACT,SPECIES,True,,inferred,
kd-조류-II급-012,따오기,Nipponia nippon,조류,species,Nipponia nippon,II급,statute_verified,EN,Global,132069229,2018,False,iucn_api_v4,matched,Nipponia nippon,same,True,,True,iucn_stricter,-1,iucn_stricter,-1,2480810,EXACT,SPECIES,True,,inferred,
kd-조류-II급-013,뜸부기,Gallicrex cinerea,조류,species,Gallicrex cinerea,II급,statute_verified,LC,Global,280922702,2025,False,iucn_api_v4,matched,Gallicrex cinerea,same,True,,True,korea_stricter,2,korea_stricter,2,2474404,EXACT,SPECIES,True,,inferred,
kd-조류-II급-014,매,Falco peregrinus,조류,species,Falco peregrinus,II급,statute_verified,LC,Global,206217909,2021,False,iucn_api_v4,matched,Falco peregrinus,same,True,,True,korea_stricter,2,korea_stricter,2,2481047,EXACT,SPECIES,True,,inferred,
kd-조류-II급-015,무당새,Emberiza sulphurata,조류,species,Emberiza sulphurata,II급,statute_verified,LC,Global,154686501,2022,False,iucn_api_v4,matched,Emberiza sulphurata,same,True,,True,korea_stricter,2,korea_stricter,2,2491529,EXACT,SPECIES,True,,inferred,
kd-조류-II급-016,물수리,Pandion haliaetus,조류,species,Pandion haliaetus,II급,statute_verified,LC,Global,206628879,2021,False,iucn_api_v4,matched,Pandion haliaetus,same,True,,True,korea_stricter,2,korea_stricter,2,2480726,EXACT,SPECIES,True,,inferred,
kd-조류-II급-017,벌매,Pernis ptilorhynchus,조류,species,Pernis ptilorhynchus,II급,statute_verified,LC,Global,199637824,2021,False,iucn_api_v4,matched,Pernis ptilorhynchus,same,True,,True,korea_stricter,2,korea_stricter,2,5793241,EXACT,SPECIES,True,,inferred,
kd-조류-II급-018,붉은가슴흰죽지,Aythya baeri,조류,species,Aythya baeri,II급,statute_verified,CR,Global,154436811,2019,False,iucn_api_v4,matched,Aythya baeri,same,True,,True,iucn_stricter,-2,iucn_stricter,-2,2498260,EXACT,SPECIES,True,,inferred,
kd-조류-II급-019,붉은배새매,Accipiter soloensis,조류,species,Accipiter soloensis,II급,statute_verified,LC,Global,154677417,2021,False,iucn_api_v4,matched,Accipiter soloensis,same,True,,True,korea_stricter,2,korea_stricter,2,2480588,EXACT,SPECIES,True,,inferred,
kd-조류-II급-020,붉은어깨도요,Calidris tenuirostris,조류,species,Calidris tenuirostris,II급,statute_verified,EN,Global,254641184,2025,False,iucn_api_v4,matched,Calidris tenuirostris,same,True,,True,iucn_stricter,-1,iucn_stricter,-1,2481768,EXACT,SPECIES,True,,inferred,
kd-조류-II급-021,붉은해오라기,Gorsachius goisagi,조류,species,Gorsachius goisagi,II급,statute_verified,VU,Global,154698841,2020,False,iucn_api_v4,matched,Gorsachius goisagi,same,True,,False,aligned,0,aligned,0,2480839,EXACT,SPECIES,True,,inferred,
kd-조류-II급-022,뿔쇠오리,Synthliboramphus wumizusume,조류,species,Synthliboramphus wumizusume,II급,statute_verified,VU,Global,132580332,2018,False,iucn_api_v4,matched,Synthliboramphus wumizusume,same,True,,False,aligned,0,aligned,0,2481349,EXACT,SPECIES,True,,inferred,
kd-조류-II급-023,뿔종다리,Galerida cristata,조류,species,Galerida cristata,II급,statute_verified,LC,Global,264572635,2024,False,iucn_api_v4,matched,Galerida cristata,same,True,,True,korea_stricter,2,korea_stricter,2,2490669,EXACT,SPECIES,True,,inferred,
kd-조류-II급-024,새매,Accipiter nisus,조류,species,Accipiter nisus,II급,statute_verified,LC,Global,199751254,2021,False,iucn_api_v4,matched,Accipiter nisus,same,True,,True,korea_stricter,2,korea_stricter,2,2480637,EXACT,SPECIES,True,,inferred,
kd-조류-II급-025,새호리기,Falco subbuteo,조류,species,Falco subbuteo,II급,statute_verified,LC,Global,206270514,2021,False,iucn_api_v4,matched,Falco subbuteo,same,True,,True,korea_stricter,2,korea_stricter,2,2481035,EXACT,SPECIES,True,,inferred,
kd-조류-II급-026,섬개개비,Locustella pleskei,조류,species,Locustella pleskei,II급,statute_verified,LC,Global,266418398,2025,False,iucn_api_v4,matched_via_synonym,Helopsaltes pleskei,same,True,,True,korea_stricter,2,korea_stricter,2,2493555,EXACT,SPECIES,True,iucn_matched_via_synonym,inferred,[iucn_matched_via_synonym] IUCN 은 이 종을 Helopsaltes pleskei 로 평가한다 (별표 표기 Locustella pleskei; 경로 gbif_synonym)
kd-조류-II급-027,솔개,Milvus migrans,조류,species,Milvus migrans,II급,statute_verified,LC,Global,206588554,2021,False,iucn_api_v4,matched,Milvus migrans,same,True,,True,korea_stricter,2,korea_stricter,2,5229167,EXACT,SPECIES,True,,inferred,
kd-조류-II급-028,쇠검은머리쑥새,Emberiza yessoensis,조류,species,Emberiza yessoensis,II급,statute_verified,NT,Global,181093139,2020,False,iucn_api_v4,matched,Emberiza yessoensis,same,True,,True,korea_stricter,1,korea_stricter,1,2491531,EXACT,SPECIES,True,,inferred,
kd-조류-II급-029,쇠제비갈매기,Sterna albifrons,조류,species,Sterna albifrons,II급,statute_verified,LC,Global,155476219,2019,False,iucn_api_v4,matched_via_synonym,Sternula albifrons,same,True,,True,korea_stricter,2,korea_stricter,2,5229215,EXACT,SPECIES,True,iucn_matched_via_synonym,inferred,[iucn_matched_via_synonym] IUCN 은 이 종을 Sternula albifrons 로 평가한다 (별표 표기 Sterna albifrons; 경로 gbif_accepted_name)
kd-조류-II급-030,수리부엉이,Bubo bubo,조류,species,Bubo bubo,II급,statute_verified,LC,Global,280978716,2025,False,iucn_api_v4,matched,Bubo bubo,same,True,,True,korea_stricter,2,korea_stricter,2,5959092,EXACT,SPECIES,True,,inferred,
kd-조류-II급-031,시베리아흰두루미,Grus leucogeranus,조류,species,Grus leucogeranus,II급,statute_verified,CR,Global,134180990,2018,False,iucn_api_v4,matched_via_synonym,Leucogeranus leucogeranus,same,True,,True,iucn_stricter,-2,iucn_stricter,-2,2474961,EXACT,SPECIES,True,iucn_matched_via_synonym,inferred,[iucn_matched_via_synonym] IUCN 은 이 종을 Leucogeranus leucogeranus 로 평가한다 (별표 표기 Grus leucogeranus; 경로 gbif_synonym)
kd-조류-II급-032,알락개구리매,Circus melanoleucos,조류,species,Circus melanoleucos,II급,statute_verified,LC,Global,203542370,2021,False,iucn_api_v4,matched,Circus melanoleucos,same,True,,True,korea_stricter,2,korea_stricter,2,5229171,EXACT,SPECIES,True,,inferred,
kd-조류-II급-033,알락꼬리마도요,Numenius madagascariensis,조류,species,Numenius madagascariensis,II급,statute_verified,EN,Global,250045646,2024,False,iucn_api_v4,matched,Numenius madagascariensis,same,True,,True,iucn_stricter,-1,iucn_stricter,-1,2481791,EXACT,SPECIES,True,,inferred,
kd-조류-II급-034,양비둘기,Columba rupestris,조류,species,Columba rupestris,II급,statute_verified,LC,Global,263608982,2024,False,iucn_api_v4,matched,Columba rupestris,same,True,,True,korea_stricter,2,korea_stricter,2,5231820,EXACT,SPECIES,True,,inferred,
kd-조류-II급-035,올빼미,Strix aluco,조류,species,Strix aluco,II급,statute_verified,LC,Global,264546097,2024,False,iucn_api_v4,matched,Strix aluco,different_taxon,False,Strix nivicolum,,not_comparable,,not_comparable,,9282206,EXACT,SPECIES,True,iucn_range_excludes_korea|iucn_concept_different_taxon,hand_override,"[iucn_range_excludes_korea] Strix aluco 의 전 지구 평가 분포국 목록(62개 항목)에 KR·KP 가 없다 | [iucn_concept_different_taxon] IUCN 이 평가하는 Strix aluco(평가 264546097)는 이름은 같으나 별표의 Strix aluco(한국 개체군)와 다른 분류군이다(손 확인). 어느 비교 열에서도 비교하지 않는다. 한국 개체군에 대응하는 IUCN 분류군은 Strix nivicolum 이다(평가 264106602, LC 2024, 분포에 KR·KP 있음; iucn_counterpart)."
kd-조류-II급-036,재두루미,Grus vipio,조류,species,Grus vipio,II급,statute_verified,VU,Global,131927305,2018,False,iucn_api_v4,matched,Grus vipio,same,True,,False,aligned,0,aligned,0,2474942,EXACT,SPECIES,True,,inferred,
kd-조류-II급-037,잿빛개구리매,Circus cyaneus,조류,species,Circus cyaneus,II급,statute_verified,LC,Global,200497981,2021,False,iucn_api_v4,matched,Circus cyaneus,same,True,,True,korea_stricter,2,korea_stricter,2,2480487,EXACT,SPECIES,True,,inferred,
kd-조류-II급-038,조롱이,Accipiter gularis,조류,species,Accipiter gularis,II급,statute_verified,LC,Global,198774300,2021,False,iucn_api_v4,matched,Accipiter gularis,same,True,,True,korea_stricter,2,korea_stricter,2,2480583,EXACT,SPECIES,True,,inferred,
kd-조류-II급-039,참매,Accipiter gentilis,조류,species,Accipiter gentilis,II급,statute_verified,LC,Global,198505113,2021,False,iucn_api_v4,matched,Accipiter gentilis,same,True,,True,korea_stricter,2,korea_stricter,2,2480589,EXACT,SPECIES,True,,inferred,
kd-조류-II급-040,청호반새,Halcyon pileata,조류,species,Halcyon pileata,II급,statute_verified,VU,Global,212490546,2022,False,iucn_api_v4,matched,Halcyon pileata,same,True,,False,aligned,0,aligned,0,5228310,EXACT,SPECIES,True,,inferred,
kd-조류-II급-041,큰고니,Cygnus cygnus,조류,species,Cygnus cygnus,II급,statute_verified,LC,Global,281843607,2025,False,iucn_api_v4,matched,Cygnus cygnus,same,True,,True,korea_stricter,2,korea_stricter,2,2498347,EXACT,SPECIES,True,,inferred,
kd-조류-II급-042,큰기러기,Anser fabalis,조류,species,Anser fabalis,II급,statute_verified,LC,Global,132302864,2018,False,iucn_api_v4,matched,Anser fabalis,same,True,,True,korea_stricter,2,korea_stricter,2,2498027,EXACT,SPECIES,True,,inferred,
kd-조류-II급-043,큰덤불해오라기,Ixobrychus eurhythmus,조류,species,Ixobrychus eurhythmus,II급,statute_verified,NT,Global,274693667,2025,False,iucn_api_v4,matched,Ixobrychus eurhythmus,same,True,,True,korea_stricter,1,korea_stricter,1,2480847,EXACT,SPECIES,True,,inferred,
kd-조류-II급-044,큰뒷부리도요,Limosa lapponica,조류,species,Limosa lapponica,II급,statute_verified,NT,Global,255455690,2025,False,iucn_api_v4,matched,Limosa lapponica,same,True,,True,korea_stricter,1,korea_stricter,1,2481681,EXACT,SPECIES,True,,inferred,
kd-조류-II급-045,큰말똥가리,Buteo hemilasius,조류,species,Buteo hemilasius,II급,statute_verified,LC,Global,202604414,2021,False,iucn_api_v4,matched,Buteo hemilasius,same,True,,True,korea_stricter,2,korea_stricter,2,2480567,EXACT,SPECIES,True,,inferred,
kd-조류-II급-046,팔색조,Pitta nympha,조류,species,Pitta nympha,II급,statute_verified,VU,Global,154680023,2025,False,iucn_api_v4,matched,Pitta nympha,same,True,,False,aligned,0,aligned,0,2489521,EXACT,SPECIES,True,,inferred,
kd-조류-II급-047,항라머리검독수리,Aquila clanga,조류,species,Aquila clanga,II급,statute_verified,VU,Global,203868747,2021,False,iucn_api_v4,matched_via_synonym,Clanga clanga,same,True,,False,aligned,0,aligned,0,2480509,EXACT,SPECIES,True,iucn_matched_via_synonym,inferred,[iucn_matched_via_synonym] IUCN 은 이 종을 Clanga clanga 로 평가한다 (별표 표기 Aquila clanga; 경로 gbif_synonym)
kd-조류-II급-048,흑기러기,Branta bernicla,조류,species,Branta bernicla,II급,statute_verified,LC,Global,189780266,2021,False,iucn_api_v4,matched,Branta bernicla,same,True,,True,korea_stricter,2,korea_stricter,2,5232446,EXACT,SPECIES,True,,inferred,
kd-조류-II급-049,흑두루미,Grus monacha,조류,species,Grus monacha,II급,statute_verified,VU,Global,271223574,2025,False,iucn_api_v4,matched,Grus monacha,same,True,,False,aligned,0,aligned,0,2474943,EXACT,SPECIES,True,,inferred,
kd-조류-II급-050,흑비둘기,Columba janthina,조류,species,Columba janthina,II급,statute_verified,LC,Global,180919189,2023,False,iucn_api_v4,matched,Columba janthina,same,True,,True,korea_stricter,2,korea_stricter,2,5231838,EXACT,SPECIES,True,,inferred,
kd-조류-II급-051,흰목물떼새,Charadrius placidus,조류,species,Charadrius placidus,II급,statute_verified,LC,Global,275471448,2025,False,iucn_api_v4,matched,Charadrius placidus,same,True,,True,korea_stricter,2,korea_stricter,2,2480322,EXACT,SPECIES,True,,inferred,
kd-조류-II급-052,흰이마기러기,Anser erythropus,조류,species,Anser erythropus,II급,statute_verified,VU,Global,132300164,2018,False,iucn_api_v4,matched,Anser erythropus,same,True,,False,aligned,0,aligned,0,2498026,EXACT,SPECIES,True,,inferred,
kd-조류-II급-053,흰죽지수리,Aquila heliaca,조류,species,Aquila heliaca,II급,statute_verified,VU,Global,203686356,2025,False,iucn_api_v4,matched,Aquila heliaca,same,True,,False,aligned,0,aligned,0,2480500,EXACT,SPECIES,True,,inferred,
kd-양서류·파충류-I급-001,비바리뱀,Sibynophis chinensis,양서류·파충류,species,Sibynophis chinensis,I급,statute_verified,LC,Global,2237835,2014,True,iucn_api_v4,matched,Sibynophis chinensis,same,True,,True,korea_stricter,4,korea_stricter,4,2456259,EXACT,SPECIES,True,iucn_assessment_outdated,inferred,[iucn_assessment_outdated] 평가일(2011-09-01)이 조회일보다 10년 넘게 앞선다
kd-양서류·파충류-I급-002,수원청개구리,Dryophytes suweonensis,양서류·파충류,species,Dryophytes suweonensis,I급,statute_verified,EN,Global,258842200,2024,False,iucn_api_v4,matched,Dryophytes suweonensis,uncertain,True,,,not_comparable,,not_comparable,,10923699,EXACT,SPECIES,True,iucn_concept_uncertain,hand_override,"[iucn_concept_uncertain] IUCN 이 평가한 Dryophytes suweonensis(평가 258842200)와 별표의 Dryophytes suweonensis 가 같은 범위의 분류군인지 정할 수 없다(손 확인). IUCN 의 수원청개구리 평가(D. suweonensis, 258842200, EN)는 좁은 뜻의 종이다. 분포 남한계가 칠갑산 일대이고, 칠갑산 이남(부여·논산·익산) 개체군은 D. flaviventris 로 기재되어(Borzee et al. 2020) IUCN 이 따로 평가한다(188099200, EN, 분포 KR). 별표는 D. suweonensis 만 적는다. 2022년 12월 개정은 이 기재 뒤였고 속 이름을 Dryophytes 로 바꿨지만 D. flaviventris 를 따로 지정하지 않았다. 그래서 법정 수원청개구리는 남부 개체군까지 포함하는 넓은 뜻일 가능성이 높고, 그러면 IUCN 단위가 분류 개념상 더 좁다. 지리로는 두 단위가 일부만 겹친다: IUCN 단위는 KP 를 더 포함하고 칠갑산 이남의 남한 개체군은 뺀다. 별표가 이를 밝히지 않으므로 관계는 '정할 수 없음'으로 둔다. 좁은 종도 분포에 KR 이 있어 분포 대조로는 잡히지 않는다. 어느 비교 열에서도 비교하지 않는다"
kd-양서류·파충류-II급-001,고리도롱뇽,Hynobius yangi,양서류·파충류,species,Hynobius yangi,II급,statute_verified,EN,Global,110101712,2019,False,iucn_api_v4,matched,Hynobius yangi,same,True,,True,iucn_stricter,-1,iucn_stricter,-1,2431151,EXACT,SPECIES,True,,inferred,
kd-양서류·파충류-II급-002,구렁이,Elaphe schrenckii,양서류·파충류,species,Elaphe schrenckii,II급,statute_verified,LC,Global,2049795,2021,True,iucn_api_v4,matched,Elaphe schrenckii,same,True,,True,korea_stricter,2,korea_stricter,2,2458438,EXACT,SPECIES,True,iucn_assessment_outdated,inferred,[iucn_assessment_outdated] 평가일(2016-04-05)이 조회일보다 10년 넘게 앞선다
kd-양서류·파충류-II급-003,금개구리,Pelophylax chosenicus,양서류·파충류,species,Pelophylax chosenicus,II급,statute_verified,VU,Global,110101963,2021,False,iucn_api_v4,matched,Pelophylax chosenicus,same,True,,False,aligned,0,aligned,0,2426645,EXACT,SPECIES,True,,inferred,
kd-양서류·파충류-II급-004,남생이,Mauremys reevesii,양서류·파충류,species,Mauremys reevesii,II급,statute_verified,EN,Global,97431862,2011,True,iucn_api_v4,matched,Mauremys reevesii,same,True,,True,iucn_stricter,-1,iucn_stricter,-1,2443597,EXACT,SPECIES,True,iucn_assessment_outdated,inferred,[iucn_assessment_outdated] 평가일(2011-03-21)이 조회일보다 10년 넘게 앞선다
kd-양서류·파충류-II급-005,맹꽁이,Kaloula borealis,양서류·파충류,species,Kaloula borealis,II급,statute_verified,LC,Global,63887081,2020,False,iucn_api_v4,matched,Kaloula borealis,same,True,,True,korea_stricter,2,korea_stricter,2,2421640,EXACT,SPECIES,True,,inferred,
kd-양서류·파충류-II급-006,표범장지뱀,Eremias argus,양서류·파충류,species,Eremias argus,II급,statute_verified,LC,Global,47755852,2019,False,iucn_api_v4,matched,Eremias argus,same,True,,True,korea_stricter,2,korea_stricter,2,2468903,EXACT,SPECIES,True,,inferred,
kd-어류-I급-001,감돌고기,Pseudopungtungia nigra,어류,species,Pseudopungtungia nigra,I급,statute_verified,VU,Global,148448791,2023,False,iucn_api_v4,matched,Pseudopungtungia nigra,same,True,,True,korea_stricter,2,korea_stricter,2,2361170,EXACT,SPECIES,True,,inferred,
kd-어류-I급-002,꼬치동자개,Pseudobagrus brevicorpus,어류,species,Pseudobagrus brevicorpus,I급,statute_verified,VU,Global,148448380,2023,False,iucn_api_v4,matched_via_synonym,Coreobagrus brevicorpus,same,True,,True,korea_stricter,2,korea_stricter,2,2338654,EXACT,SPECIES,True,iucn_matched_via_synonym,inferred,[iucn_matched_via_synonym] IUCN 은 이 종을 Coreobagrus brevicorpus 로 평가한다 (별표 표기 Pseudobagrus brevicorpus; 경로 gbif_accepted_name)
kd-어류-I급-003,남방동사리,Odontobutis obscura,어류,species,Odontobutis obscura,I급,statute_verified,,,,,,iucn_none_returned,not_assessed,Odontobutis obscura,same,,,,not_comparable,,not_comparable,,2390043,EXACT,SPECIES,True,iucn_not_assessed,inferred,[iucn_not_assessed] IUCN 분류군(Odontobutis obscura)은 있으나 공개된 평가가 없다
kd-어류-I급-004,모래주사,Microphysogobio koreensis,어류,species,Microphysogobio koreensis,I급,statute_verified,EN,Global,148448183,2023,False,iucn_api_v4,matched,Microphysogobio koreensis,same,True,,True,korea_stricter,1,korea_stricter,1,2367349,EXACT,SPECIES,True,,inferred,
kd-어류-I급-005,미호종개,Cobitis choii,어류,species,Cobitis choii,I급,statute_verified,VU,Global,148445000,2023,False,iucn_api_v4,matched,Cobitis choii,same,True,,True,korea_stricter,2,korea_stricter,2,2368254,EXACT,SPECIES,True,,inferred,
kd-어류-I급-006,얼룩새코미꾸리,Koreocobitis naktongensis,어류,species,Koreocobitis naktongensis,I급,statute_verified,,,,,,iucn_none_returned,not_assessed,Koreocobitis naktongensis,same,,,,not_comparable,,not_comparable,,2367900,EXACT,SPECIES,True,iucn_not_assessed,inferred,[iucn_not_assessed] IUCN 분류군(Koreocobitis naktongensis)은 있으나 공개된 평가가 없다
kd-어류-I급-007,여울마자,Microphysogobio rapidus,어류,species,Microphysogobio rapidus,I급,statute_verified,CR,Global,148448300,2023,False,iucn_api_v4,matched,Microphysogobio rapidus,same,True,,False,aligned,0,aligned,0,2367331,EXACT,SPECIES,True,,inferred,
kd-어류-I급-008,임실납자루,Acheilognathus somjinensis,어류,species,Acheilognathus somjinensis,I급,statute_verified,EN,Global,148444528,2023,False,iucn_api_v4,matched_via_synonym,Tanakia somjinensis,same,True,,True,korea_stricter,1,korea_stricter,1,2359458,EXACT,SPECIES,True,iucn_matched_via_synonym,inferred,[iucn_matched_via_synonym] IUCN 은 이 종을 Tanakia somjinensis 로 평가한다 (별표 표기 Acheilognathus somjinensis; 경로 gbif_accepted_name)
kd-어류-I급-009,좀수수치,Kichulchoia brevifasciata,어류,species,Kichulchoia brevifasciata,I급,statute_verified,,,,,,iucn_none_returned,name_unresolved,,,,,,not_comparable,,not_comparable,,4286861,EXACT,SPECIES,True,iucn_name_unresolved,,[iucn_name_unresolved] 시도한 어떤 이름으로도 IUCN 분류군을 찾지 못했다 (2개 이름 시도)
kd-어류-I급-010,퉁사리,Liobagrus obesus,어류,species,Liobagrus obesus,I급,statute_verified,EN,Global,148448152,2023,False,iucn_api_v4,matched,Liobagrus obesus,same,True,,True,korea_stricter,1,korea_stricter,1,2342843,EXACT,SPECIES,True,,inferred,
kd-어류-I급-011,흰수마자,Gobiobotia nakdongensis,어류,species,Gobiobotia nakdongensis,I급,statute_verified,,,,,,iucn_none_returned,name_unresolved,,,,,,not_comparable,,not_comparable,,2363379,FUZZY,SPECIES,False,iucn_name_unresolved|gbif_match_outside_gate,,"[iucn_name_unresolved] 시도한 어떤 이름으로도 IUCN 분류군을 찾지 못했다 (1개 이름 시도) | [gbif_match_outside_gate] GBIF 매칭이 관문 밖이다: FUZZY/SPECIES (Gobiobotia naktongensis Mori, 1935)"
kd-어류-II급-001,가는돌고기,Pseudopungtungia tenuicorpa,어류,species,Pseudopungtungia tenuicorpa,II급,statute_verified,,,,,,iucn_none_returned,name_unresolved,,,,,,not_comparable,,not_comparable,,2361171,FUZZY,SPECIES,False,iucn_name_unresolved|gbif_match_outside_gate,,"[iucn_name_unresolved] 시도한 어떤 이름으로도 IUCN 분류군을 찾지 못했다 (1개 이름 시도) | [gbif_match_outside_gate] GBIF 매칭이 관문 밖이다: FUZZY/SPECIES (Pseudopungtungia tenuicorpus Jeon & Choi, 1980)"
kd-어류-II급-002,가시고기,Pungitius sinensis,어류,species,Pungitius sinensis,II급,statute_verified,VU,Global,159638809,2022,False,iucn_api_v4,matched,Pungitius sinensis,same,True,,False,aligned,0,aligned,0,5204684,EXACT,SPECIES,True,,inferred,
kd-어류-II급-003,꺽저기,Coreoperca kawamebari,어류,species,Coreoperca kawamebari,II급,statute_verified,,,,,,iucn_none_returned,not_assessed,Coreoperca kawamebari,same,,,,not_comparable,,not_comparable,,2380417,EXACT,SPECIES,True,iucn_not_assessed,inferred,[iucn_not_assessed] IUCN 분류군(Coreoperca kawamebari)은 있으나 공개된 평가가 없다
kd-어류-II급-004,꾸구리,Gobiobotia macrocephala,어류,species,Gobiobotia macrocephala,II급,statute_verified,NT,Global,148445170,2023,False,iucn_api_v4,matched,Gobiobotia macrocephala,same,True,,True,korea_stricter,1,korea_stricter,1,2363377,EXACT,SPECIES,True,,inferred,
kd-어류-II급-005,다묵장어,Lethenteron reissneri,어류,species,Lethenteron reissneri,II급,statute_verified,LC,Global,135108335,2024,False,iucn_api_v4,matched,Lethenteron reissneri,same,True,,True,korea_stricter,2,korea_stricter,2,2421386,EXACT,SPECIES,True,,inferred,
kd-어류-II급-006,돌상어,Gobiobotia brevibarba,어류,species,Gobiobotia brevibarba,II급,statute_verified,,,,,,iucn_none_returned,not_assessed,Gobiobotia brevibarba,same,,,,not_comparable,,not_comparable,,2363369,EXACT,SPECIES,True,iucn_not_assessed,inferred,[iucn_not_assessed] IUCN 분류군(Gobiobotia brevibarba)은 있으나 공개된 평가가 없다
kd-어류-II급-007,둑중개,Cottus koreanus,어류,species,Cottus koreanus,II급,statute_verified,,,,,,iucn_none_returned,not_assessed,Cottus koreanus,same,,,,not_comparable,,not_comparable,,2334091,EXACT,SPECIES,True,iucn_not_assessed,inferred,[iucn_not_assessed] IUCN 분류군(Cottus koreanus)은 있으나 공개된 평가가 없다
kd-어류-II급-008,묵납자루,Acheilognathus signifer,어류,species,Acheilognathus signifer,II급,statute_verified,,,,,,iucn_none_returned,not_assessed,Tanakia signifer,same,,,,not_comparable,,not_comparable,,2359396,EXACT,SPECIES,True,iucn_not_assessed,inferred,[iucn_not_assessed] IUCN 분류군(Tanakia signifer)은 있으나 공개된 평가가 없다
kd-어류-II급-009,버들가지,Rhynchocypris semotilus,어류,species,Rhynchocypris semotilus,II급,statute_verified,,,,,,iucn_none_returned,not_assessed,Rhynchocypris semotilus,same,,,,not_comparable,,not_comparable,,2365567,EXACT,SPECIES,True,iucn_not_assessed,inferred,[iucn_not_assessed] IUCN 분류군(Rhynchocypris semotilus)은 있으나 공개된 평가가 없다
kd-어류-II급-010,부안종개,Iksookimia pumila,어류,species,Iksookimia pumila,II급,statute_verified,,,,,,iucn_none_returned,name_unresolved,,,,,,not_comparable,,not_comparable,,2368314,EXACT,SPECIES,True,iucn_name_unresolved,,[iucn_name_unresolved] 시도한 어떤 이름으로도 IUCN 분류군을 찾지 못했다 (2개 이름 시도)
kd-어류-II급-011,새미,Ladislavia taczanowskii,어류,species,Ladislavia taczanowskii,II급,statute_verified,LC,Global,159671598,2022,False,iucn_api_v4,matched,Ladislavia taczanowskii,same,True,,True,korea_stricter,2,korea_stricter,2,2363536,EXACT,SPECIES,True,,inferred,
kd-어류-II급-012,어름치,Hemibarbus mylodon,어류,species,Hemibarbus mylodon,II급,statute_verified,,,,,,iucn_none_returned,not_assessed,Hemibarbus mylodon,same,,,,not_comparable,,not_comparable,,2365980,EXACT,SPECIES,True,iucn_not_assessed,inferred,[iucn_not_assessed] IUCN 분류군(Hemibarbus mylodon)은 있으나 공개된 평가가 없다
kd-어류-II급-013,연준모치,Phoxinus phoxinus,어류,species,Phoxinus phoxinus,II급,statute_verified,LC,Global,135091520,2024,False,iucn_api_v4,matched,Phoxinus phoxinus,different_taxon,False,none identified,,not_comparable,,not_comparable,,4409653,EXACT,SPECIES,True,iucn_range_excludes_korea|iucn_concept_different_taxon,hand_override,[iucn_range_excludes_korea] Phoxinus phoxinus 의 전 지구 평가 분포국 목록(12개 항목)에 KR·KP 가 없다 | [iucn_concept_different_taxon] IUCN 이 평가하는 Phoxinus phoxinus(평가 135091520)는 이름은 같으나 별표의 Phoxinus phoxinus(한국 개체군)와 다른 분류군이다(손 확인). 어느 비교 열에서도 비교하지 않는다. 한국 개체군에 대응하는 IUCN 평가를 어느 이름으로도 찾지 못했다(iucn_counterpart).
kd-어류-II급-014,열목어,Brachymystax lenok,어류,subspecies,Brachymystax lenok tsinlingensis,II급,statute_verified,LC,Global,156767061,2020,False,iucn_api_v4,matched_at_species_rank,Brachymystax lenok,broader,True,,,not_comparable,,korea_stricter,2,2351356,EXACT,SPECIES,True,iucn_matched_at_species_rank,inferred,[iucn_matched_at_species_rank] 별표는 아종 Brachymystax lenok tsinlingensis 을(를) 지정하나 IUCN 의 현행 평가는 종 Brachymystax lenok 에만 있다. 같은 단위가 아니므로 같은 분류군 비교(mismatch_type)에서는 뺀다(not_comparable). 분류군 조건 없는 비교 열(mismatch_type_any_concept)에서만 비교한다
kd-어류-II급-015,칠성장어,Lethenteron japonicus,어류,species,Lethenteron japonicus,II급,statute_verified,LC,Global,135112743,2024,False,iucn_api_v4,via_unaccepted_gbif_match,Lethenteron camtschaticum,uncertain,False,,,not_comparable,,not_comparable,,2421355,FUZZY,SPECIES,False,iucn_via_unaccepted_gbif_match|iucn_range_excludes_korea|gbif_match_outside_gate,range_check,"[iucn_via_unaccepted_gbif_match] GBIF 매칭이 관문 밖(FUZZY/SPECIES)이고 IUCN 결과가 그 매칭에서 나온 이름 Lethenteron camtschaticum 로만 얻어졌다. 분류군 조건 없는 비교 열에서도 비교하지 않는다 | [iucn_range_excludes_korea] Lethenteron camtschaticum 의 전 지구 평가 분포국 목록(33개 항목)에 KR·KP 가 없다. 한반도 개체군이 이 평가 단위에 드는지 알 수 없으므로 관계를 uncertain 으로 두고 어느 비교 열에서도 비교하지 않는다 | [gbif_match_outside_gate] GBIF 매칭이 관문 밖이다: FUZZY/SPECIES (Lethenteron camtschaticum (Tilesius, 1811))"
kd-어류-II급-016,큰줄납자루,Acheilognathus majusculus,어류,species,Acheilognathus majusculus,II급,statute_verified,,,,,,iucn_none_returned,not_assessed,Acheilognathus majusculus,same,,,,not_comparable,,not_comparable,,2359439,EXACT,SPECIES,True,iucn_not_assessed,inferred,[iucn_not_assessed] IUCN 분류군(Acheilognathus majusculus)은 있으나 공개된 평가가 없다
kd-어류-II급-017,한강납줄개,Rhodeus pseudosericeus,어류,species,Rhodeus pseudosericeus,II급,statute_verified,VU,Global,148448856,2023,False,iucn_api_v4,matched,Rhodeus pseudosericeus,same,True,,False,aligned,0,aligned,0,2360813,EXACT,SPECIES,True,,inferred,
kd-어류-II급-018,한둑중개,Cottus hangiongensis,어류,species,Cottus hangiongensis,II급,statute_verified,LC,Global,159630092,2022,False,iucn_api_v4,matched,Cottus hangiongensis,same,True,,True,korea_stricter,2,korea_stricter,2,2334082,EXACT,SPECIES,True,,inferred,
kd-곤충류-I급-001,닻무늬길앞잡이,Cicindela anchoralis,곤충류,species,Cicindela (Abroscelis) anchoralis,I급,statute_verified,,,,,,iucn_none_returned,name_unresolved,,,,,,not_comparable,,not_comparable,,8041371,EXACT,SPECIES,True,iucn_name_unresolved,,[iucn_name_unresolved] 시도한 어떤 이름으로도 IUCN 분류군을 찾지 못했다 (2개 이름 시도)
kd-곤충류-I급-002,붉은점모시나비,Parnassius bremeri,곤충류,species,Parnassius bremeri,I급,statute_verified,,,,,,iucn_none_returned,not_assessed,Parnassius bremeri,same,,,,not_comparable,,not_comparable,,1938887,EXACT,SPECIES,True,iucn_not_assessed,inferred,[iucn_not_assessed] IUCN 분류군(Parnassius bremeri)은 있으나 공개된 평가가 없다
kd-곤충류-I급-003,비단벌레,Chrysochroa coreana,곤충류,species,Chrysochroa (Chrysochroa) coreana,I급,statute_verified,,,,,,iucn_none_returned,name_unresolved,,,,,,not_comparable,,not_comparable,,9445765,EXACT,SPECIES,True,iucn_name_unresolved,,[iucn_name_unresolved] 시도한 어떤 이름으로도 IUCN 분류군을 찾지 못했다 (1개 이름 시도)
kd-곤충류-I급-004,산굴뚝나비,Hipparchia autonoe,곤충류,species,Hipparchia autonoe,I급,statute_verified,LC,Europe,211421425,2025,False,iucn_api_v4,matched,Hipparchia autonoe,same,False,,,not_comparable,,not_comparable,,1918627,EXACT,SPECIES,True,iucn_regional_assessment,inferred,[iucn_regional_assessment] IUCN 범주가 Europe 지역 평가에서 왔다. 전 지구 평가가 아니므로 법정 등급과 비교하지 않는다(`iucn_scope` 열 참고)
kd-곤충류-I급-005,상제나비,Aporia crataegi,곤충류,species,Aporia crataegi,I급,statute_verified,LC,Europe,211381664,2025,False,iucn_api_v4,matched,Aporia crataegi,same,False,,,not_comparable,,not_comparable,,1920218,EXACT,SPECIES,True,iucn_regional_assessment,inferred,[iucn_regional_assessment] IUCN 범주가 Europe 지역 평가에서 왔다. 전 지구 평가가 아니므로 법정 등급과 비교하지 않는다(`iucn_scope` 열 참고)
kd-곤충류-I급-006,수염풍뎅이,Polyphylla laticollis,곤충류,subspecies,Polyphylla laticollis manchurica,I급,statute_verified,,,,,,iucn_none_returned,name_unresolved,,,,,,not_comparable,,not_comparable,,1057485,EXACT,SPECIES,True,iucn_name_unresolved,,[iucn_name_unresolved] 시도한 어떤 이름으로도 IUCN 분류군을 찾지 못했다 (2개 이름 시도)
kd-곤충류-I급-007,장수하늘소,Callipogon relictus,곤충류,species,Callipogon (Eoxenus) relictus,I급,statute_verified,,,,,,iucn_none_returned,name_unresolved,,,,,,not_comparable,,not_comparable,,1155348,EXACT,SPECIES,True,iucn_name_unresolved,,[iucn_name_unresolved] 시도한 어떤 이름으로도 IUCN 분류군을 찾지 못했다 (1개 이름 시도)
kd-곤충류-I급-008,큰홍띠점박이푸른부전나비,Sinia divina,곤충류,species,Sinia divina,I급,statute_verified,,,,,,iucn_none_returned,name_unresolved,,,,,,not_comparable,,not_comparable,,1923038,HIGHERRANK,GENUS,False,iucn_name_unresolved|gbif_match_outside_gate,,"[iucn_name_unresolved] 시도한 어떤 이름으로도 IUCN 분류군을 찾지 못했다 (1개 이름 시도) | [gbif_match_outside_gate] GBIF 매칭이 관문 밖이다: HIGHERRANK/GENUS (Sinia Forster, 1940)"
kd-곤충류-II급-001,깊은산부전나비,Protantigius superans,곤충류,species,Protantigius superans,II급,statute_verified,,,,,,iucn_none_returned,name_unresolved,,,,,,not_comparable,,not_comparable,,1926708,EXACT,SPECIES,True,iucn_name_unresolved,,[iucn_name_unresolved] 시도한 어떤 이름으로도 IUCN 분류군을 찾지 못했다 (2개 이름 시도)
kd-곤충류-II급-002,노란잔산잠자리,Macromia daimoji,곤충류,species,Macromia daimoji,II급,statute_verified,LC,Global,1172156,2020,False,iucn_api_v4,matched,Macromia daimoji,same,True,,True,korea_stricter,2,korea_stricter,2,1429926,EXACT,SPECIES,True,,inferred,
kd-곤충류-II급-003,대모잠자리,Libellula angelina,곤충류,species,Libellula angelina,II급,statute_verified,CR,Global,3315484,2006,True,iucn_api_v4,matched,Libellula angelina,same,True,,True,iucn_stricter,-2,iucn_stricter,-2,1427955,EXACT,SPECIES,True,iucn_assessment_outdated,inferred,[iucn_assessment_outdated] 평가일(2006-01-31)이 조회일보다 10년 넘게 앞선다
kd-곤충류-II급-004,두점박이사슴벌레,Prosopocoilus astacoides,곤충류,subspecies,Prosopocoilus astacoides blanchardi,II급,statute_verified,,,,,,iucn_none_returned,name_unresolved,,,,,,not_comparable,,not_comparable,,7371565,EXACT,SPECIES,True,iucn_name_unresolved,,[iucn_name_unresolved] 시도한 어떤 이름으로도 IUCN 분류군을 찾지 못했다 (3개 이름 시도)
kd-곤충류-II급-005,뚱보주름메뚜기,Haplotropis brunneriana,곤충류,species,Haplotropis brunneriana,II급,statute_verified,,,,,,iucn_none_returned,name_unresolved,,,,,,not_comparable,,not_comparable,,1697982,EXACT,SPECIES,True,iucn_name_unresolved,,[iucn_name_unresolved] 시도한 어떤 이름으로도 IUCN 분류군을 찾지 못했다 (5개 이름 시도)
kd-곤충류-II급-006,멋조롱박딱정벌레,Acoptolabrus mirabilissimus,곤충류,subspecies,Acoptolabrus mirabilissimus mirabilissimus,II급,statute_verified,,,,,,iucn_none_returned,name_unresolved,,,,,,not_comparable,,not_comparable,,11350993,EXACT,SPECIES,True,iucn_name_unresolved,,[iucn_name_unresolved] 시도한 어떤 이름으로도 IUCN 분류군을 찾지 못했다 (12개 이름 시도)
kd-곤충류-II급-007,물방개,Cybister chinensis,곤충류,species,Cybister (Cybister) chinensis,II급,statute_verified,,,,,,iucn_none_returned,name_unresolved,,,,,,not_comparable,,not_comparable,,6000778,EXACT,SPECIES,True,iucn_name_unresolved,,[iucn_name_unresolved] 시도한 어떤 이름으로도 IUCN 분류군을 찾지 못했다 (2개 이름 시도)
kd-곤충류-II급-008,물장군,Lethocerus deyrolli,곤충류,species,Lethocerus deyrolli,II급,statute_verified,,,,,,iucn_none_returned,name_unresolved,,,,,,not_comparable,,not_comparable,,6129941,FUZZY,SPECIES,False,iucn_name_unresolved|gbif_match_outside_gate,,"[iucn_name_unresolved] 시도한 어떤 이름으로도 IUCN 분류군을 찾지 못했다 (4개 이름 시도) | [gbif_match_outside_gate] GBIF 매칭이 관문 밖이다: FUZZY/SPECIES (Kirkaldyia deyrollei (Vuillefroy, 1864))"
kd-곤충류-II급-009,불나방,Arctia caja,곤충류,species,Arctia caja,II급,statute_verified,LC,Europe,260193396,2026,False,iucn_api_v4,matched,Arctia caja,same,False,,,not_comparable,,not_comparable,,5115874,EXACT,SPECIES,True,iucn_regional_assessment,inferred,[iucn_regional_assessment] IUCN 범주가 Europe 지역 평가에서 왔다. 전 지구 평가가 아니므로 법정 등급과 비교하지 않는다(`iucn_scope` 열 참고)
kd-곤충류-II급-010,소똥구리,Gymnopleurus mopsus,곤충류,species,Gymnopleurus (Gymnopleurus) mopsus,II급,statute_verified,,,,,,iucn_none_returned,not_assessed,Gymnopleurus mopsus,same,,,,not_comparable,,not_comparable,,1088538,EXACT,SPECIES,True,iucn_not_assessed,inferred,[iucn_not_assessed] IUCN 분류군(Gymnopleurus mopsus)은 있으나 공개된 평가가 없다
kd-곤충류-II급-011,쌍꼬리부전나비,Cigaritis takanonis,곤충류,species,Cigaritis takanonis,II급,statute_verified,,,,,,iucn_none_returned,name_unresolved,,,,,,not_comparable,,not_comparable,,1926709,HIGHERRANK,GENUS,False,iucn_name_unresolved|gbif_match_outside_gate,,"[iucn_name_unresolved] 시도한 어떤 이름으로도 IUCN 분류군을 찾지 못했다 (1개 이름 시도) | [gbif_match_outside_gate] GBIF 매칭이 관문 밖이다: HIGHERRANK/GENUS (Cigaritis Donzel, 1847)"
kd-곤충류-II급-012,애기뿔소똥구리,Copris tripartitus,곤충류,species,Copris (Copris) tripartitus,II급,statute_verified,,,,,,iucn_none_returned,not_assessed,Copris tripartitus,same,,,,not_comparable,,not_comparable,,4997397,EXACT,SPECIES,True,iucn_not_assessed,inferred,[iucn_not_assessed] IUCN 분류군(Copris tripartitus)은 있으나 공개된 평가가 없다
kd-곤충류-II급-013,여름어리표범나비,Mellicta ambigua,곤충류,species,Mellicta ambigua,II급,statute_verified,,,,,,iucn_none_returned,name_unresolved,,,,,,not_comparable,,not_comparable,,1913113,HIGHERRANK,GENUS,False,iucn_name_unresolved|gbif_match_outside_gate,,"[iucn_name_unresolved] 시도한 어떤 이름으로도 IUCN 분류군을 찾지 못했다 (1개 이름 시도) | [gbif_match_outside_gate] GBIF 매칭이 관문 밖이다: HIGHERRANK/GENUS (Mellicta Billberg, 1820)"
kd-곤충류-II급-014,왕은점표범나비,Argynnis nerippe,곤충류,species,Argynnis nerippe,II급,statute_verified,,,,,,iucn_none_returned,name_unresolved,,,,,,not_comparable,,not_comparable,,11950294,EXACT,SPECIES,True,iucn_name_unresolved,,[iucn_name_unresolved] 시도한 어떤 이름으로도 IUCN 분류군을 찾지 못했다 (4개 이름 시도)
kd-곤충류-II급-015,윤조롱박딱정벌레,Acoptolabrus leechi,곤충류,subspecies,Acoptolabrus leechi yooni,II급,statute_verified,,,,,,iucn_none_returned,not_assessed,Carabus leechi,broader,,,,not_comparable,,not_comparable,,11244837,EXACT,SPECIES,True,iucn_not_assessed|iucn_concept_rank_only,inferred,"[iucn_not_assessed] IUCN 분류군(Carabus leechi)은 있으나 공개된 평가가 없다 | [iucn_concept_rank_only] 속 이동 후 같은 종소명의 종에 도달했다(Acoptolabrus leechi yooni -> Carabus leechi). IUCN 쪽은 같은 종이며, 법정 분류군(아종·변종)보다 계급만 넓다. IUCN 평가가 없으므로 어느 비교 열에서도 비교하지 않는다"
kd-곤충류-II급-016,은줄팔랑나비,Leptalina unicolor,곤충류,species,Leptalina unicolor,II급,statute_verified,,,,,,iucn_none_returned,name_unresolved,,,,,,not_comparable,,not_comparable,,1943799,EXACT,SPECIES,True,iucn_name_unresolved,,[iucn_name_unresolved] 시도한 어떤 이름으로도 IUCN 분류군을 찾지 못했다 (3개 이름 시도)
kd-곤충류-II급-017,참호박뒤영벌,Bombus koreanus,곤충류,species,Bombus (Megabombus) koreanus,II급,statute_verified,,,,,,iucn_none_returned,not_assessed,Bombus koreanus,same,,,,not_comparable,,not_comparable,,1340363,EXACT,SPECIES,True,iucn_not_assessed,inferred,[iucn_not_assessed] IUCN 분류군(Bombus koreanus)은 있으나 공개된 평가가 없다
kd-곤충류-II급-018,창언조롱박딱정벌레,Acoptolabrus changeonleei,곤충류,species,Acoptolabrus changeonleei,II급,statute_verified,,,,,,iucn_none_returned,via_unaccepted_gbif_match,Carabus changgeonleei,same,,,,not_comparable,,not_comparable,,9626535,FUZZY,SPECIES,False,iucn_via_unaccepted_gbif_match|gbif_match_outside_gate,inferred,"[iucn_via_unaccepted_gbif_match] GBIF 매칭이 관문 밖(FUZZY/SPECIES)이고 IUCN 결과가 그 매칭에서 나온 이름 Carabus changgeonleei 로만 얻어졌다. 분류군 조건 없는 비교 열에서도 비교하지 않는다 | [gbif_match_outside_gate] GBIF 매칭이 관문 밖이다: FUZZY/SPECIES (Carabus changgeonleei (Ishikawa & Kim, 1983))"
kd-곤충류-II급-019,큰자색호랑꽃무지,Osmoderma caeleste,곤충류,species,Osmoderma caeleste,II급,statute_verified,,,,,,iucn_none_returned,name_unresolved,,,,,,not_comparable,,not_comparable,,1079612,EXACT,SPECIES,True,iucn_name_unresolved,,[iucn_name_unresolved] 시도한 어떤 이름으로도 IUCN 분류군을 찾지 못했다 (3개 이름 시도)
kd-곤충류-II급-020,한국꼬마잠자리,Nannophya koreana,곤충류,species,Nannophya koreana,II급,statute_verified,,,,,,iucn_none_returned,not_assessed,Nannophya koreana,same,,,,not_comparable,,not_comparable,,12170558,EXACT,SPECIES,True,iucn_not_assessed,inferred,[iucn_not_assessed] IUCN 분류군(Nannophya koreana)은 있으나 공개된 평가가 없다
kd-곤충류-II급-021,홍줄나비,Chalinga pratti,곤충류,species,Chalinga pratti,II급,statute_verified,,,,,,iucn_none_returned,name_unresolved,,,,,,not_comparable,,not_comparable,,10203550,EXACT,SPECIES,True,iucn_name_unresolved,,[iucn_name_unresolved] 시도한 어떤 이름으로도 IUCN 분류군을 찾지 못했다 (1개 이름 시도)
kd-무척추동물-I급-001,귀이빨대칭이,Cristaria plicata,무척추동물,species,Cristaria plicata,I급,statute_verified,LC,Global,98189722,2019,False,iucn_api_v4,matched,Cristaria plicata,same,True,,True,korea_stricter,4,korea_stricter,4,7910909,EXACT,SPECIES,True,,inferred,
kd-무척추동물-I급-002,나팔고둥,Charonia lampas,무척추동물,species,Charonia lampas,I급,statute_verified,,,,,,iucn_none_returned,not_assessed,Charonia lampas,same,,,,not_comparable,,not_comparable,,5724924,EXACT,SPECIES,True,iucn_not_assessed,inferred,[iucn_not_assessed] IUCN 분류군(Charonia lampas)은 있으나 공개된 평가가 없다
kd-무척추동물-I급-003,남방방게,Pseudohelice subquadrata,무척추동물,species,Pseudohelice subquadrata,I급,statute_verified,,,,,,iucn_none_returned,name_unresolved,,,,,,not_comparable,,not_comparable,,5863336,EXACT,SPECIES,True,iucn_name_unresolved,,[iucn_name_unresolved] 시도한 어떤 이름으로도 IUCN 분류군을 찾지 못했다 (5개 이름 시도)
kd-무척추동물-I급-004,두드럭조개,Aculamprotula coreana,무척추동물,species,Aculamprotula coreana,I급,statute_verified,,,,,,iucn_none_returned,not_assessed,Aculamprotula coreana,same,,,,not_comparable,,not_comparable,,10327184,EXACT,SPECIES,True,iucn_not_assessed,inferred,[iucn_not_assessed] IUCN 분류군(Aculamprotula coreana)은 있으나 공개된 평가가 없다
kd-무척추동물-II급-001,갯게,Chasmagnathus convexus,무척추동물,species,Chasmagnathus convexus,II급,statute_verified,,,,,,iucn_none_returned,name_unresolved,,,,,,not_comparable,,not_comparable,,8097103,EXACT,SPECIES,True,iucn_name_unresolved,,[iucn_name_unresolved] 시도한 어떤 이름으로도 IUCN 분류군을 찾지 못했다 (3개 이름 시도)
kd-무척추동물-II급-002,거제외줄달팽이,Satsuma myomphala,무척추동물,species,Satsuma myomphala,II급,statute_verified,,,,,,iucn_none_returned,name_unresolved,,,,,,not_comparable,,not_comparable,,9835915,EXACT,SPECIES,True,iucn_name_unresolved,,[iucn_name_unresolved] 시도한 어떤 이름으로도 IUCN 분류군을 찾지 못했다 (3개 이름 시도)
kd-무척추동물-II급-003,검붉은수지맨드라미,Dendronephthya suensoni,무척추동물,species,Dendronephthya suensoni,II급,statute_verified,,,,,,iucn_none_returned,name_unresolved,,,,,,not_comparable,,not_comparable,,2263494,EXACT,SPECIES,True,iucn_name_unresolved,,[iucn_name_unresolved] 시도한 어떤 이름으로도 IUCN 분류군을 찾지 못했다 (3개 이름 시도)
kd-무척추동물-II급-004,금빛나팔돌산호,Tubastraea coccinea,무척추동물,species,Tubastraea coccinea,II급,statute_verified,,,,,,iucn_none_returned,name_unresolved,,,,,,not_comparable,,not_comparable,,2259549,EXACT,SPECIES,True,iucn_name_unresolved,,[iucn_name_unresolved] 시도한 어떤 이름으로도 IUCN 분류군을 찾지 못했다 (35개 이름 시도)
kd-무척추동물-II급-005,기수갈고둥,Clithon retropictum,무척추동물,species,Clithon retropictum,II급,statute_verified,,,,,,iucn_none_returned,not_assessed,Clithon retropictum,same,,,,not_comparable,,not_comparable,,7618426,EXACT,SPECIES,True,iucn_not_assessed,inferred,[iucn_not_assessed] IUCN 분류군(Clithon retropictum)은 있으나 공개된 평가가 없다
kd-무척추동물-II급-006,깃산호,Plumarella spinosa,무척추동물,species,Plumarella spinosa,II급,statute_verified,,,,,,iucn_none_returned,name_unresolved,,,,,,not_comparable,,not_comparable,,2262029,EXACT,SPECIES,True,iucn_name_unresolved,,[iucn_name_unresolved] 시도한 어떤 이름으로도 IUCN 분류군을 찾지 못했다 (1개 이름 시도)
kd-무척추동물-II급-007,대추귀고둥,Ellobium chinense,무척추동물,species,Ellobium chinense,II급,statute_verified,DD,Global,8726910,2011,True,iucn_api_v4,matched,Ellobium chinense,uncertain,False,,,not_comparable,,not_comparable,,6125066,EXACT,SPECIES,True,iucn_range_excludes_korea|iucn_category_not_on_scale|iucn_assessment_outdated,range_check,[iucn_range_excludes_korea] Ellobium chinense 의 전 지구 평가 분포국 목록(18개 항목)에 KR·KP 가 없다. 한반도 개체군이 이 평가 단위에 드는지 알 수 없으므로 관계를 uncertain 으로 두고 어느 비교 열에서도 비교하지 않는다 | [iucn_category_not_on_scale] DD 는 서열 척도 밖이므로 괴리를 계산하지 않는다 | [iucn_assessment_outdated] 평가일(2011-07-22)이 조회일보다 10년 넘게 앞선다
kd-무척추동물-II급-008,둔한진총산호,Euplexaura crassa,무척추동물,species,Euplexaura crassa,II급,statute_verified,,,,,,iucn_none_returned,not_assessed,Euplexaura crassa,same,,,,not_comparable,,not_comparable,,2261088,EXACT,SPECIES,True,iucn_not_assessed,inferred,[iucn_not_assessed] IUCN 분류군(Euplexaura crassa)은 있으나 공개된 평가가 없다
kd-무척추동물-II급-009,망상맵시산호,Echinogorgia reticulata,무척추동물,species,Echinogorgia reticulata,II급,statute_verified,,,,,,iucn_none_returned,name_unresolved,,,,,,not_comparable,,not_comparable,,2260903,EXACT,SPECIES,True,iucn_name_unresolved,,[iucn_name_unresolved] 시도한 어떤 이름으로도 IUCN 분류군을 찾지 못했다 (5개 이름 시도)
kd-무척추동물-II급-010,물거미,Argyroneta aquatica,무척추동물,species,Argyroneta aquatica,II급,statute_verified,NT,Global,213955433,2026,False,iucn_api_v4,matched,Argyroneta aquatica,same,True,,True,korea_stricter,1,korea_stricter,1,2179068,EXACT,SPECIES,True,,inferred,
kd-무척추동물-II급-011,밤수지맨드라미,Dendronephthya castanea,무척추동물,species,Dendronephthya castanea,II급,statute_verified,,,,,,iucn_none_returned,name_unresolved,,,,,,not_comparable,,not_comparable,,2263548,EXACT,SPECIES,True,iucn_name_unresolved,,[iucn_name_unresolved] 시도한 어떤 이름으로도 IUCN 분류군을 찾지 못했다 (2개 이름 시도)
kd-무척추동물-II급-012,별혹산호,Ellisella ceratophyta,무척추동물,species,Ellisella ceratophyta,II급,statute_verified,,,,,,iucn_none_returned,name_unresolved,,,,,,not_comparable,,not_comparable,,6473565,EXACT,SPECIES,True,iucn_name_unresolved,,[iucn_name_unresolved] 시도한 어떤 이름으로도 IUCN 분류군을 찾지 못했다 (9개 이름 시도)
kd-무척추동물-II급-013,붉은발말똥게,Sesarmops intermedius,무척추동물,species,Sesarmops intermedius,II급,statute_verified,,,,,,iucn_none_returned,name_unresolved,,,,,,not_comparable,,not_comparable,,7629571,EXACT,SPECIES,True,iucn_name_unresolved,,[iucn_name_unresolved] 시도한 어떤 이름으로도 IUCN 분류군을 찾지 못했다 (4개 이름 시도)
kd-무척추동물-II급-014,선침거미불가사리,Ophiacantha linea,무척추동물,species,Ophiacantha linea,II급,statute_verified,,,,,,iucn_none_returned,not_assessed,Ophiacantha linea,same,,,,not_comparable,,not_comparable,,2275040,EXACT,SPECIES,True,iucn_not_assessed,inferred,[iucn_not_assessed] IUCN 분류군(Ophiacantha linea)은 있으나 공개된 평가가 없다
kd-무척추동물-II급-015,연수지맨드라미,Dendronephthya mollis,무척추동물,species,Dendronephthya mollis,II급,statute_verified,,,,,,iucn_none_returned,name_unresolved,,,,,,not_comparable,,not_comparable,,2263543,EXACT,SPECIES,True,iucn_name_unresolved,,[iucn_name_unresolved] 시도한 어떤 이름으로도 IUCN 분류군을 찾지 못했다 (3개 이름 시도)
kd-무척추동물-II급-016,염주알다슬기,Koreanomelania nodifila,무척추동물,species,Koreanomelania nodifila,II급,statute_verified,,,,,,iucn_none_returned,not_assessed,Koreoleptoxis nodifila,same,,,,not_comparable,,not_comparable,,8322896,EXACT,SPECIES,True,iucn_not_assessed,inferred,[iucn_not_assessed] IUCN 분류군(Koreoleptoxis nodifila)은 있으나 공개된 평가가 없다
kd-무척추동물-II급-017,울릉도달팽이,Karaftohelix adamsi,무척추동물,species,Karaftohelix adamsi,II급,statute_verified,NT,Global,197528978,2023,False,iucn_api_v4,matched,Karaftohelix adamsi,same,True,,True,korea_stricter,1,korea_stricter,1,12247868,EXACT,SPECIES,True,,inferred,
kd-무척추동물-II급-018,유착나무돌산호,Dendrophyllia cribrosa,무척추동물,species,Dendrophyllia cribrosa,II급,statute_verified,,,,,,iucn_none_returned,name_unresolved,,,,,,not_comparable,,not_comparable,,2259681,EXACT,SPECIES,True,iucn_name_unresolved,,[iucn_name_unresolved] 시도한 어떤 이름으로도 IUCN 분류군을 찾지 못했다 (7개 이름 시도)
kd-무척추동물-II급-019,의염통성게,Nacospatangus alta,무척추동물,species,Nacospatangus alta,II급,statute_verified,,,,,,iucn_none_returned,name_unresolved,,,,,,not_comparable,,not_comparable,,5964400,FUZZY,SPECIES,False,iucn_name_unresolved|gbif_match_outside_gate,,"[iucn_name_unresolved] 시도한 어떤 이름으로도 IUCN 분류군을 찾지 못했다 (3개 이름 시도) | [gbif_match_outside_gate] GBIF 매칭이 관문 밖이다: FUZZY/SPECIES (Nacospatangus altus (A.Agassiz, 1864))"
kd-무척추동물-II급-020,자색수지맨드라미,Dendronephthya putteri,무척추동물,species,Dendronephthya putteri,II급,statute_verified,,,,,,iucn_none_returned,name_unresolved,,,,,,not_comparable,,not_comparable,,10455432,EXACT,SPECIES,True,iucn_name_unresolved,,[iucn_name_unresolved] 시도한 어떤 이름으로도 IUCN 분류군을 찾지 못했다 (5개 이름 시도)
kd-무척추동물-II급-021,잔가지나무돌산호,Dendrophyllia ijimai,무척추동물,species,Dendrophyllia ijimai,II급,statute_verified,,,,,,iucn_none_returned,name_unresolved,,,,,,not_comparable,,not_comparable,,2259704,EXACT,SPECIES,True,iucn_name_unresolved,,[iucn_name_unresolved] 시도한 어떤 이름으로도 IUCN 분류군을 찾지 못했다 (2개 이름 시도)
kd-무척추동물-II급-022,착생깃산호,Plumarella adhaerens,무척추동물,species,Plumarella adhaerens,II급,statute_verified,,,,,,iucn_none_returned,name_unresolved,,,,,,not_comparable,,not_comparable,,2262043,FUZZY,SPECIES,False,iucn_name_unresolved|gbif_match_outside_gate,,"[iucn_name_unresolved] 시도한 어떤 이름으로도 IUCN 분류군을 찾지 못했다 (1개 이름 시도) | [gbif_match_outside_gate] GBIF 매칭이 관문 밖이다: FUZZY/SPECIES (Plumarella adhaerans Nutting, 1912)"
kd-무척추동물-II급-023,참달팽이,Koreanohadra koreana,무척추동물,species,Koreanohadra koreana,II급,statute_verified,,,,,,iucn_none_returned,not_assessed,Fruticicola koreana,same,,,,not_comparable,,not_comparable,,10971877,EXACT,SPECIES,True,iucn_not_assessed,inferred,[iucn_not_assessed] IUCN 분류군(Fruticicola koreana)은 있으나 공개된 평가가 없다
kd-무척추동물-II급-024,측맵시산호,Echinogorgia complexa,무척추동물,species,Echinogorgia complexa,II급,statute_verified,,,,,,iucn_none_returned,name_unresolved,,,,,,not_comparable,,not_comparable,,2260887,EXACT,SPECIES,True,iucn_name_unresolved,,[iucn_name_unresolved] 시도한 어떤 이름으로도 IUCN 분류군을 찾지 못했다 (3개 이름 시도)
kd-무척추동물-II급-025,칼세오리옆새우,Gammarus zeongogensis,무척추동물,species,Gammarus zeongogensis,II급,statute_verified,NT,Global,200406532,2023,False,iucn_api_v4,matched,Gammarus zeongogensis,same,True,,True,korea_stricter,1,korea_stricter,1,6463511,EXACT,SPECIES,True,,inferred,
kd-무척추동물-II급-026,해송,Myriopathes japonica,무척추동물,species,Myriopathes japonica,II급,statute_verified,,,,,,iucn_none_returned,name_unresolved,,,,,,not_comparable,,not_comparable,,2258421,EXACT,SPECIES,True,iucn_name_unresolved,,[iucn_name_unresolved] 시도한 어떤 이름으로도 IUCN 분류군을 찾지 못했다 (3개 이름 시도)
kd-무척추동물-II급-027,흰발농게,Austruca lactea,무척추동물,species,Austruca lactea,II급,statute_verified,,,,,,iucn_none_returned,name_unresolved,,,,,,not_comparable,,not_comparable,,9399267,EXACT,SPECIES,True,iucn_name_unresolved,,[iucn_name_unresolved] 시도한 어떤 이름으로도 IUCN 분류군을 찾지 못했다 (5개 이름 시도)
kd-무척추동물-II급-028,흰수지맨드라미,Dendronephthya alba,무척추동물,species,Dendronephthya alba,II급,statute_verified,,,,,,iucn_none_returned,name_unresolved,,,,,,not_comparable,,not_comparable,,2263658,EXACT,SPECIES,True,iucn_name_unresolved,,[iucn_name_unresolved] 시도한 어떤 이름으로도 IUCN 분류군을 찾지 못했다 (2개 이름 시도)
kd-육상식물-I급-001,광릉요강꽃,Cypripedium japonicum,육상식물,species,Cypripedium japonicum,I급,statute_verified,EN,Global,16672875,2014,True,iucn_api_v4,matched,Cypripedium japonicum,same,True,,True,korea_stricter,1,korea_stricter,1,2820399,EXACT,SPECIES,True,iucn_assessment_outdated,inferred,[iucn_assessment_outdated] 평가일(2013-08-07)이 조회일보다 10년 넘게 앞선다
kd-육상식물-I급-002,금자란,Gastrochilus fuscopunctatus,육상식물,species,Gastrochilus fuscopunctatus,I급,statute_verified,,,,,,iucn_none_returned,name_unresolved,,,,,,not_comparable,,not_comparable,,5310704,EXACT,SPECIES,True,iucn_name_unresolved,,[iucn_name_unresolved] 시도한 어떤 이름으로도 IUCN 분류군을 찾지 못했다 (2개 이름 시도)
kd-육상식물-I급-003,나도풍란,Sedirea japonica,육상식물,species,Sedirea japonica,I급,statute_verified,,,,,,iucn_none_returned,not_assessed,Sedirea japonica,same,,,,not_comparable,,not_comparable,,2816529,EXACT,SPECIES,True,iucn_not_assessed,inferred,[iucn_not_assessed] IUCN 분류군(Sedirea japonica)은 있으나 공개된 평가가 없다
kd-육상식물-I급-004,만년콩,Euchresta japonica,육상식물,species,Euchresta japonica,I급,statute_verified,,,,,,iucn_none_returned,not_assessed,Euchresta japonica,same,,,,not_comparable,,not_comparable,,2951881,EXACT,SPECIES,True,iucn_not_assessed,inferred,[iucn_not_assessed] IUCN 분류군(Euchresta japonica)은 있으나 공개된 평가가 없다
kd-육상식물-I급-005,비자란,Thrixspermum japonicum,육상식물,species,Thrixspermum japonicum,I급,statute_verified,,,,,,iucn_none_returned,not_assessed,Thrixspermum japonicum,same,,,,not_comparable,,not_comparable,,2846796,EXACT,SPECIES,True,iucn_not_assessed,inferred,[iucn_not_assessed] IUCN 분류군(Thrixspermum japonicum)은 있으나 공개된 평가가 없다
kd-육상식물-I급-006,암매,Diapensia lapponica,육상식물,variety,Diapensia lapponica var. obovata,I급,statute_verified,,,,,,iucn_none_returned,name_unresolved,,,,,,not_comparable,,not_comparable,,5333323,EXACT,SPECIES,True,iucn_name_unresolved,,[iucn_name_unresolved] 시도한 어떤 이름으로도 IUCN 분류군을 찾지 못했다 (4개 이름 시도)
kd-육상식물-I급-007,제주고사리삼,Mankyua chejuense,육상식물,species,Mankyua chejuense,I급,statute_verified,CR,Global,98368257,2016,True,iucn_api_v4,matched,Mankyua chejuense,same,True,,False,aligned,0,aligned,0,8330128,EXACT,SPECIES,True,iucn_assessment_outdated,inferred,[iucn_assessment_outdated] 평가일(2015-11-01)이 조회일보다 10년 넘게 앞선다
kd-육상식물-I급-008,죽백란,Cymbidium lancifolium,육상식물,species,Cymbidium lancifolium,I급,statute_verified,,,,,,iucn_none_returned,not_assessed,Cymbidium lancifolium,same,,,,not_comparable,,not_comparable,,5305513,EXACT,SPECIES,True,iucn_not_assessed,inferred,[iucn_not_assessed] IUCN 분류군(Cymbidium lancifolium)은 있으나 공개된 평가가 없다
kd-육상식물-I급-009,탐라란,Gastrochilus japonicus,육상식물,species,Gastrochilus japonicus,I급,statute_verified,,,,,,iucn_none_returned,name_unresolved,,,,,,not_comparable,,not_comparable,,5310664,EXACT,SPECIES,True,iucn_name_unresolved,,[iucn_name_unresolved] 시도한 어떤 이름으로도 IUCN 분류군을 찾지 못했다 (4개 이름 시도)
kd-육상식물-I급-010,털복주머니란,Cypripedium guttatum,육상식물,species,Cypripedium guttatum,I급,statute_verified,LC,Global,43315840,2014,True,iucn_api_v4,matched,Cypripedium guttatum,same,True,,True,korea_stricter,4,korea_stricter,4,2820441,EXACT,SPECIES,True,iucn_assessment_outdated,inferred,[iucn_assessment_outdated] 평가일(2013-04-03)이 조회일보다 10년 넘게 앞선다
kd-육상식물-I급-011,풍란,Neofinetia falcata,육상식물,species,Neofinetia falcata,I급,statute_verified,,,,,,iucn_none_returned,not_assessed,Neofinetia falcata,same,,,,not_comparable,,not_comparable,,10848012,EXACT,SPECIES,True,iucn_not_assessed,inferred,[iucn_not_assessed] IUCN 분류군(Neofinetia falcata)은 있으나 공개된 평가가 없다
kd-육상식물-I급-012,한라솜다리,Leontopodium coreanum,육상식물,variety,Leontopodium coreanum var. hallaisanense,I급,statute_verified,DD,Global,13189504,2016,True,iucn_api_v4,matched_at_species_rank,Leontopodium coreanum,broader,True,,,not_comparable,,not_comparable,,3140729,EXACT,SPECIES,True,iucn_matched_at_species_rank|iucn_category_not_on_scale|iucn_assessment_outdated,inferred,[iucn_matched_at_species_rank] 별표는 변종 Leontopodium coreanum var. hallaisanense 을(를) 지정하나 IUCN 의 현행 평가는 종 Leontopodium coreanum 에만 있다. 같은 단위가 아니므로 같은 분류군 비교(mismatch_type)에서는 뺀다(not_comparable). 분류군 조건 없는 비교 열(mismatch_type_any_concept)에서만 비교한다 | [iucn_category_not_on_scale] DD 는 서열 척도 밖이므로 괴리를 계산하지 않는다 | [iucn_assessment_outdated] 평가일(2015-11-01)이 조회일보다 10년 넘게 앞선다
kd-육상식물-I급-013,한란,Cymbidium kanran,육상식물,species,Cymbidium kanran,I급,statute_verified,,,,,,iucn_none_returned,not_assessed,Cymbidium kanran,same,,,,not_comparable,,not_comparable,,5305555,EXACT,SPECIES,True,iucn_not_assessed,inferred,[iucn_not_assessed] IUCN 분류군(Cymbidium kanran)은 있으나 공개된 평가가 없다
kd-육상식물-II급-001,가는동자꽃,Lychnis kiusiana,육상식물,species,Lychnis kiusiana,II급,statute_verified,,,,,,iucn_none_returned,name_unresolved,,,,,,not_comparable,,not_comparable,,3817412,EXACT,SPECIES,True,iucn_name_unresolved,,[iucn_name_unresolved] 시도한 어떤 이름으로도 IUCN 분류군을 찾지 못했다 (2개 이름 시도)
kd-육상식물-II급-002,가시연,Euryale ferox,육상식물,species,Euryale ferox,II급,statute_verified,LC,Global,6535154,2011,True,iucn_api_v4,matched,Euryale ferox,same,True,,True,korea_stricter,2,korea_stricter,2,7795516,EXACT,SPECIES,True,iucn_assessment_outdated,inferred,[iucn_assessment_outdated] 평가일(2010-04-18)이 조회일보다 10년 넘게 앞선다
kd-육상식물-II급-003,가시오갈피나무,Eleutherococcus senticosus,육상식물,species,Eleutherococcus senticosus,II급,statute_verified,,,,,,iucn_none_returned,not_assessed,Eleutherococcus senticosus,same,,,,not_comparable,,not_comparable,,3035369,EXACT,SPECIES,True,iucn_not_assessed,inferred,[iucn_not_assessed] IUCN 분류군(Eleutherococcus senticosus)은 있으나 공개된 평가가 없다
kd-육상식물-II급-004,각시수련,Nymphaea tetragona,육상식물,variety,Nymphaea tetragona var. minima,II급,statute_verified,LC,Global,6407237,2011,True,iucn_api_v4,matched_at_species_rank,Nymphaea tetragona,broader,True,,,not_comparable,,korea_stricter,2,2882422,EXACT,SPECIES,True,iucn_matched_at_species_rank|iucn_assessment_outdated,inferred,[iucn_matched_at_species_rank] 별표는 변종 Nymphaea tetragona var. minima 을(를) 지정하나 IUCN 의 현행 평가는 종 Nymphaea tetragona 에만 있다. 같은 단위가 아니므로 같은 분류군 비교(mismatch_type)에서는 뺀다(not_comparable). 분류군 조건 없는 비교 열(mismatch_type_any_concept)에서만 비교한다 | [iucn_assessment_outdated] 평가일(2010-03-23)이 조회일보다 10년 넘게 앞선다
kd-육상식물-II급-005,개가시나무,Quercus gilva,육상식물,species,Quercus gilva,II급,statute_verified,LC,Global,136775665,2019,False,iucn_api_v4,matched,Quercus gilva,same,True,,True,korea_stricter,2,korea_stricter,2,2879999,EXACT,SPECIES,True,,inferred,
kd-육상식물-II급-006,갯봄맞이꽃,Glaux maritima,육상식물,variety,Glaux maritima var. obtusifolia,II급,statute_verified,LC,Global,67730067,2016,True,iucn_api_v4,matched_at_species_rank,Lysimachia maritima,broader,True,,,not_comparable,,korea_stricter,2,5414349,EXACT,SPECIES,True,iucn_matched_at_species_rank|iucn_concept_rank_only|iucn_assessment_outdated,inferred,"[iucn_matched_at_species_rank] 별표는 변종 Glaux maritima var. obtusifolia 을(를) 지정하나 IUCN 의 현행 평가는 종 Lysimachia maritima 에만 있다. 같은 단위가 아니므로 같은 분류군 비교(mismatch_type)에서는 뺀다(not_comparable). 분류군 조건 없는 비교 열(mismatch_type_any_concept)에서만 비교한다 | [iucn_concept_rank_only] 속 이동 후 같은 종소명의 종에 도달했다(Glaux maritima var. obtusifolia -> Lysimachia maritima). IUCN 쪽은 같은 종이며, 법정 분류군(아종·변종)보다 계급만 넓다. 분류군 조건 없는 비교 열(mismatch_type_any_concept)에서는 비교한다 (korea_stricter, +2: 법정 등급이 IUCN 범주보다 2칸 엄격) | [iucn_assessment_outdated] 평가일(2015-07-08)이 조회일보다 10년 넘게 앞선다"
kd-육상식물-II급-007,검은별고사리,Cyclosorus interruptus,육상식물,species,Cyclosorus interruptus,II급,statute_verified,LC,Global,120230697,2018,False,iucn_api_v4,matched,Cyclosorus interruptus,same,True,,True,korea_stricter,2,korea_stricter,2,7708168,EXACT,SPECIES,True,,inferred,
kd-육상식물-II급-008,구름병아리난초,Neottianthe cucullata,육상식물,species,Neottianthe cucullata,II급,statute_verified,EN,Europe,7155812,2011,True,iucn_api_v4,matched_via_synonym,Hemipilia cucullata,same,False,,,not_comparable,,not_comparable,,2819258,EXACT,SPECIES,True,iucn_matched_via_synonym|iucn_regional_assessment|iucn_assessment_outdated,inferred,[iucn_matched_via_synonym] IUCN 은 이 종을 Hemipilia cucullata 로 평가한다 (별표 표기 Neottianthe cucullata; 경로 gbif_accepted_name) | [iucn_regional_assessment] IUCN 범주가 Europe 지역 평가에서 왔다. 전 지구 평가가 아니므로 법정 등급과 비교하지 않는다(`iucn_scope` 열 참고) | [iucn_assessment_outdated] 평가일(2011-03-24)이 조회일보다 10년 넘게 앞선다
kd-육상식물-II급-009,기생꽃,Trientalis europaea,육상식물,subspecies,Trientalis europaea subsp. arctica,II급,statute_verified,,,,,,iucn_none_returned,not_assessed,Trientalis europaea subsp. arctica,same,,,,not_comparable,,not_comparable,,3169330,HIGHERRANK,GENUS,False,iucn_not_assessed|gbif_match_outside_gate,inferred,[iucn_not_assessed] IUCN 분류군(Trientalis europaea subsp. arctica)은 있으나 공개된 평가가 없다 | [gbif_match_outside_gate] GBIF 매칭이 관문 밖이다: HIGHERRANK/GENUS (Lysimachia Tourn. ex L.)
kd-육상식물-II급-010,끈끈이귀개,Drosera peltata,육상식물,variety,Drosera peltata var. nipponica,II급,statute_verified,LC,Global,6539809,2011,True,iucn_api_v4,matched_at_species_rank,Drosera peltata,broader,True,,,not_comparable,,korea_stricter,2,3190855,EXACT,SPECIES,True,iucn_matched_at_species_rank|iucn_assessment_outdated,inferred,[iucn_matched_at_species_rank] 별표는 변종 Drosera peltata var. nipponica 을(를) 지정하나 IUCN 의 현행 평가는 종 Drosera peltata 에만 있다. 같은 단위가 아니므로 같은 분류군 비교(mismatch_type)에서는 뺀다(not_comparable). 분류군 조건 없는 비교 열(mismatch_type_any_concept)에서만 비교한다 | [iucn_assessment_outdated] 평가일(2010-04-17)이 조회일보다 10년 넘게 앞선다
kd-육상식물-II급-011,나도범의귀,Mitella nuda,육상식물,species,Mitella nuda,II급,statute_verified,,,,,,iucn_none_returned,not_assessed,Mitella nuda,same,,,,not_comparable,,not_comparable,,5371644,EXACT,SPECIES,True,iucn_not_assessed,inferred,[iucn_not_assessed] IUCN 분류군(Mitella nuda)은 있으나 공개된 평가가 없다
kd-육상식물-II급-012,나도승마,Kirengeshoma koreana,육상식물,species,Kirengeshoma koreana,II급,statute_verified,EN,Global,13189494,2016,True,iucn_api_v4,matched_via_synonym,Kirengeshoma palmata,broader,True,,,not_comparable,,iucn_stricter,-1,3645662,EXACT,SPECIES,True,iucn_matched_via_synonym|iucn_concept_broader|iucn_assessment_outdated,inferred,"[iucn_matched_via_synonym] IUCN 은 이 종을 Kirengeshoma palmata 로 평가한다 (별표 표기 Kirengeshoma koreana; 경로 gbif_accepted_name) | [iucn_concept_broader] GBIF Backbone 이 법정 종을 다른 종의 이명으로 둔 병합이다(Kirengeshoma koreana -> Kirengeshoma palmata). IUCN 단위가 더 넓으므로 mismatch_type 은 not_comparable 이다. 분류군 조건 없는 비교 열(mismatch_type_any_concept)에서는 비교한다 (iucn_stricter, -1: IUCN 범주가 법정 등급보다 1칸 엄격) | [iucn_assessment_outdated] 평가일(2012-09-09)이 조회일보다 10년 넘게 앞선다"
kd-육상식물-II급-013,나도여로,Zigadenus sibiricus,육상식물,species,Zigadenus sibiricus,II급,statute_verified,,,,,,iucn_none_returned,not_assessed,Anticlea sibirica,same,,,,not_comparable,,not_comparable,,2741600,EXACT,SPECIES,True,iucn_not_assessed,inferred,[iucn_not_assessed] IUCN 분류군(Anticlea sibirica)은 있으나 공개된 평가가 없다
kd-육상식물-II급-014,날개하늘나리,Lilium dauricum,육상식물,species,Lilium dauricum,II급,statute_verified,,,,,,iucn_none_returned,name_unresolved,,,,,,not_comparable,,not_comparable,,2753471,EXACT,SPECIES,True,iucn_name_unresolved,,[iucn_name_unresolved] 시도한 어떤 이름으로도 IUCN 분류군을 찾지 못했다 (11개 이름 시도)
kd-육상식물-II급-015,넓은잎제비꽃,Viola mirabilis,육상식물,species,Viola mirabilis,II급,statute_verified,,,,,,iucn_none_returned,not_assessed,Viola mirabilis,same,,,,not_comparable,,not_comparable,,5331268,EXACT,SPECIES,True,iucn_not_assessed,inferred,[iucn_not_assessed] IUCN 분류군(Viola mirabilis)은 있으나 공개된 평가가 없다
kd-육상식물-II급-016,노랑만병초,Rhododendron aureum,육상식물,species,Rhododendron aureum,II급,statute_verified,,,,,,iucn_none_returned,not_assessed,Rhododendron aureum,same,,,,not_comparable,,not_comparable,,7644878,EXACT,SPECIES,True,iucn_not_assessed,inferred,[iucn_not_assessed] IUCN 분류군(Rhododendron aureum)은 있으나 공개된 평가가 없다
kd-육상식물-II급-017,노랑붓꽃,Iris koreana,육상식물,species,Iris koreana,II급,statute_verified,EN,Global,13189484,2016,True,iucn_api_v4,matched,Iris koreana,same,True,,True,iucn_stricter,-1,iucn_stricter,-1,5298943,EXACT,SPECIES,True,iucn_assessment_outdated,inferred,[iucn_assessment_outdated] 평가일(2015-11-01)이 조회일보다 10년 넘게 앞선다
kd-육상식물-II급-018,눈썹고사리,Asplenium wrightii,육상식물,species,Asplenium wrightii,II급,statute_verified,,,,,,iucn_none_returned,not_assessed,Asplenium wrightii,same,,,,not_comparable,,not_comparable,,7758614,EXACT,SPECIES,True,iucn_not_assessed,inferred,[iucn_not_assessed] IUCN 분류군(Asplenium wrightii)은 있으나 공개된 평가가 없다
kd-육상식물-II급-019,단양쑥부쟁이,Aster altaicus,육상식물,variety,Aster altaicus var. uchiyamae,II급,statute_verified,,,,,,iucn_none_returned,name_unresolved,,,,,,not_comparable,,not_comparable,,5386130,EXACT,SPECIES,True,iucn_name_unresolved,,[iucn_name_unresolved] 시도한 어떤 이름으로도 IUCN 분류군을 찾지 못했다 (27개 이름 시도)
kd-육상식물-II급-020,대성쓴풀,Anagallidium dichotomum,육상식물,species,Anagallidium dichotomum,II급,statute_verified,,,,,,iucn_none_returned,name_unresolved,,,,,,not_comparable,,not_comparable,,7410358,EXACT,SPECIES,True,iucn_name_unresolved,,[iucn_name_unresolved] 시도한 어떤 이름으로도 IUCN 분류군을 찾지 못했다 (2개 이름 시도)
kd-육상식물-II급-021,대청부채,Iris dichotoma,육상식물,species,Iris dichotoma,II급,statute_verified,,,,,,iucn_none_returned,not_assessed,Iris dichotoma,same,,,,not_comparable,,not_comparable,,5298498,EXACT,SPECIES,True,iucn_not_assessed,inferred,[iucn_not_assessed] IUCN 분류군(Iris dichotoma)은 있으나 공개된 평가가 없다
kd-육상식물-II급-022,대흥란,Cymbidium macrorhizon,육상식물,species,Cymbidium macrorhizon,II급,statute_verified,,,,,,iucn_none_returned,not_assessed,Cymbidium macrorhizon,same,,,,not_comparable,,not_comparable,,5305636,EXACT,SPECIES,True,iucn_not_assessed,inferred,[iucn_not_assessed] IUCN 분류군(Cymbidium macrorhizon)은 있으나 공개된 평가가 없다
kd-육상식물-II급-023,독미나리,Cicuta virosa,육상식물,species,Cicuta virosa,II급,statute_verified,LC,Global,42415001,2014,True,iucn_api_v4,matched,Cicuta virosa,same,True,,True,korea_stricter,2,korea_stricter,2,5371864,EXACT,SPECIES,True,iucn_assessment_outdated,inferred,[iucn_assessment_outdated] 평가일(2013-03-06)이 조회일보다 10년 넘게 앞선다
kd-육상식물-II급-024,두잎약난초,Cremastra unguiculata,육상식물,species,Cremastra unguiculata,II급,statute_verified,,,,,,iucn_none_returned,not_assessed,Cremastra unguiculata,same,,,,not_comparable,,not_comparable,,2789692,EXACT,SPECIES,True,iucn_not_assessed,inferred,[iucn_not_assessed] IUCN 분류군(Cremastra unguiculata)은 있으나 공개된 평가가 없다
kd-육상식물-II급-025,매화마름,Ranunculus trichophyllus,육상식물,variety,Ranunculus trichophyllus var. kadzusensis,II급,statute_verified,LC,Global,13572532,2013,True,iucn_api_v4,matched_at_species_rank,Ranunculus trichophyllus,broader,True,,,not_comparable,,korea_stricter,2,3033377,EXACT,SPECIES,True,iucn_matched_at_species_rank|iucn_assessment_outdated,inferred,[iucn_matched_at_species_rank] 별표는 변종 Ranunculus trichophyllus var. kadzusensis 을(를) 지정하나 IUCN 의 현행 평가는 종 Ranunculus trichophyllus 에만 있다. 같은 단위가 아니므로 같은 분류군 비교(mismatch_type)에서는 뺀다(not_comparable). 분류군 조건 없는 비교 열(mismatch_type_any_concept)에서만 비교한다 | [iucn_assessment_outdated] 평가일(2012-06-20)이 조회일보다 10년 넘게 앞선다
kd-육상식물-II급-026,무주나무,Lasianthus japonicus,육상식물,species,Lasianthus japonicus,II급,statute_verified,,,,,,iucn_none_returned,not_assessed,Lasianthus japonicus,same,,,,not_comparable,,not_comparable,,5337060,EXACT,SPECIES,True,iucn_not_assessed,inferred,[iucn_not_assessed] IUCN 분류군(Lasianthus japonicus)은 있으나 공개된 평가가 없다
kd-육상식물-II급-027,물고사리,Ceratopteris thalictroides,육상식물,species,Ceratopteris thalictroides,II급,statute_verified,LC,Global,84005839,2019,False,iucn_api_v4,matched,Ceratopteris thalictroides,same,True,,True,korea_stricter,2,korea_stricter,2,2651586,EXACT,SPECIES,True,,inferred,
kd-육상식물-II급-028,물석송,Lycopodiella cernua,육상식물,species,Lycopodiella cernua,II급,statute_verified,LC,Europe,83571205,2017,True,iucn_api_v4,matched,Lycopodiella cernua,same,False,,,not_comparable,,not_comparable,,2688348,EXACT,SPECIES,True,iucn_regional_assessment|iucn_assessment_outdated,inferred,[iucn_regional_assessment] IUCN 범주가 Europe 지역 평가에서 왔다. 전 지구 평가가 아니므로 법정 등급과 비교하지 않는다(`iucn_scope` 열 참고) | [iucn_assessment_outdated] 평가일(2016-06-01)이 조회일보다 10년 넘게 앞선다
kd-육상식물-II급-029,방울난초,Habenaria flagellifera,육상식물,species,Habenaria flagellifera,II급,statute_verified,,,,,,iucn_none_returned,not_assessed,Peristylus densus,broader,,,,not_comparable,,not_comparable,,2829609,EXACT,SPECIES,True,iucn_not_assessed|iucn_concept_broader,inferred,[iucn_not_assessed] IUCN 분류군(Peristylus densus)은 있으나 공개된 평가가 없다 | [iucn_concept_broader] GBIF Backbone 이 법정 종을 다른 종의 이명으로 둔 병합이다(Habenaria flagellifera -> Peristylus densus). IUCN 단위가 더 넓으므로 mismatch_type 은 not_comparable 이다. IUCN 평가가 없으므로 어느 비교 열에서도 비교하지 않는다
kd-육상식물-II급-030,백부자,Aconitum coreanum,육상식물,species,Aconitum coreanum,II급,statute_verified,LC,Global,13189409,2016,True,iucn_api_v4,matched,Aconitum coreanum,same,True,,True,korea_stricter,2,korea_stricter,2,8121969,EXACT,SPECIES,True,iucn_assessment_outdated,inferred,[iucn_assessment_outdated] 평가일(2015-11-01)이 조회일보다 10년 넘게 앞선다
kd-육상식물-II급-031,백양더부살이,Orobanche filicicola,육상식물,species,Orobanche filicicola,II급,statute_verified,,,,,,iucn_none_returned,name_unresolved,,,,,,not_comparable,,not_comparable,,3733627,EXACT,SPECIES,True,iucn_name_unresolved,,[iucn_name_unresolved] 시도한 어떤 이름으로도 IUCN 분류군을 찾지 못했다 (5개 이름 시도)
kd-육상식물-II급-032,백운란,Kuhlhasseltia nakaiana,육상식물,species,Kuhlhasseltia nakaiana,II급,statute_verified,,,,,,iucn_none_returned,name_unresolved,,,,,,not_comparable,,not_comparable,,2808879,EXACT,SPECIES,True,iucn_name_unresolved,,[iucn_name_unresolved] 시도한 어떤 이름으로도 IUCN 분류군을 찾지 못했다 (8개 이름 시도)
kd-육상식물-II급-033,복주머니란,Cypripedium macranthos,육상식물,species,Cypripedium macranthos,II급,statute_verified,LC,Global,43327679,2014,True,iucn_api_v4,matched,Cypripedium macranthos,same,True,,True,korea_stricter,2,korea_stricter,2,2820423,EXACT,SPECIES,True,iucn_assessment_outdated,inferred,[iucn_assessment_outdated] 평가일(2013-08-06)이 조회일보다 10년 넘게 앞선다
kd-육상식물-II급-034,분홍장구채,Silene capitata,육상식물,species,Silene capitata,II급,statute_verified,,,,,,iucn_none_returned,not_assessed,Silene capitata,same,,,,not_comparable,,not_comparable,,7549478,EXACT,SPECIES,True,iucn_not_assessed,inferred,[iucn_not_assessed] IUCN 분류군(Silene capitata)은 있으나 공개된 평가가 없다
kd-육상식물-II급-035,산분꽃나무,Viburnum burejaeticum,육상식물,species,Viburnum burejaeticum,II급,statute_verified,,,,,,iucn_none_returned,not_assessed,Viburnum burejaeticum,same,,,,not_comparable,,not_comparable,,3857358,EXACT,SPECIES,True,iucn_not_assessed,inferred,[iucn_not_assessed] IUCN 분류군(Viburnum burejaeticum)은 있으나 공개된 평가가 없다
kd-육상식물-II급-036,산작약,Paeonia obovata,육상식물,species,Paeonia obovata,II급,statute_verified,,,,,,iucn_none_returned,not_assessed,Paeonia obovata,same,,,,not_comparable,,not_comparable,,7316524,EXACT,SPECIES,True,iucn_not_assessed,inferred,[iucn_not_assessed] IUCN 분류군(Paeonia obovata)은 있으나 공개된 평가가 없다
kd-육상식물-II급-037,삼백초,Saururus chinensis,육상식물,species,Saururus chinensis,II급,statute_verified,,,,,,iucn_none_returned,not_assessed,Saururus chinensis,same,,,,not_comparable,,not_comparable,,7979280,EXACT,SPECIES,True,iucn_not_assessed,inferred,[iucn_not_assessed] IUCN 분류군(Saururus chinensis)은 있으나 공개된 평가가 없다
kd-육상식물-II급-038,새깃아재비,Woodwardia japonica,육상식물,species,Woodwardia japonica,II급,statute_verified,,,,,,iucn_none_returned,not_assessed,Woodwardia japonica,same,,,,not_comparable,,not_comparable,,5665885,EXACT,SPECIES,True,iucn_not_assessed,inferred,[iucn_not_assessed] IUCN 분류군(Woodwardia japonica)은 있으나 공개된 평가가 없다
kd-육상식물-II급-039,서울개발나물,Pterygopleurum neurophyllum,육상식물,species,Pterygopleurum neurophyllum,II급,statute_verified,,,,,,iucn_none_returned,not_assessed,Pterygopleurum neurophyllum,same,,,,not_comparable,,not_comparable,,3642330,EXACT,SPECIES,True,iucn_not_assessed,inferred,[iucn_not_assessed] IUCN 분류군(Pterygopleurum neurophyllum)은 있으나 공개된 평가가 없다
kd-육상식물-II급-040,석곡,Dendrobium moniliforme,육상식물,species,Dendrobium moniliforme,II급,statute_verified,,,,,,iucn_none_returned,not_assessed,Dendrobium moniliforme,same,,,,not_comparable,,not_comparable,,5317412,EXACT,SPECIES,True,iucn_not_assessed,inferred,[iucn_not_assessed] IUCN 분류군(Dendrobium moniliforme)은 있으나 공개된 평가가 없다
kd-육상식물-II급-041,선모시대,Adenophora erecta,육상식물,species,Adenophora erecta,II급,statute_verified,,,,,,iucn_none_returned,name_unresolved,,,,,,not_comparable,,not_comparable,,5409633,EXACT,SPECIES,True,iucn_name_unresolved,,[iucn_name_unresolved] 시도한 어떤 이름으로도 IUCN 분류군을 찾지 못했다 (3개 이름 시도)
kd-육상식물-II급-042,선제비꽃,Viola raddeana,육상식물,species,Viola raddeana,II급,statute_verified,,,,,,iucn_none_returned,not_assessed,Viola raddeana,same,,,,not_comparable,,not_comparable,,5664118,EXACT,SPECIES,True,iucn_not_assessed,inferred,[iucn_not_assessed] IUCN 분류군(Viola raddeana)은 있으나 공개된 평가가 없다
kd-육상식물-II급-043,섬개야광나무,Cotoneaster wilsonii,육상식물,species,Cotoneaster wilsonii,II급,statute_verified,,,,,,iucn_none_returned,name_unresolved,,,,,,not_comparable,,not_comparable,,3025563,HIGHERRANK,GENUS,False,iucn_name_unresolved|gbif_match_outside_gate,,[iucn_name_unresolved] 시도한 어떤 이름으로도 IUCN 분류군을 찾지 못했다 (1개 이름 시도) | [gbif_match_outside_gate] GBIF 매칭이 관문 밖이다: HIGHERRANK/GENUS (Cotoneaster Medik.)
kd-육상식물-II급-044,섬시호,Bupleurum latissimum,육상식물,species,Bupleurum latissimum,II급,statute_verified,CR,Global,13189429,2016,True,iucn_api_v4,matched,Bupleurum latissimum,same,True,,True,iucn_stricter,-2,iucn_stricter,-2,3638048,EXACT,SPECIES,True,iucn_assessment_outdated,inferred,[iucn_assessment_outdated] 평가일(2015-11-10)이 조회일보다 10년 넘게 앞선다
kd-육상식물-II급-045,섬현삼,Scrophularia takesimensis,육상식물,species,Scrophularia takesimensis,II급,statute_verified,,,,,,iucn_none_returned,not_assessed,Scrophularia takesimensis,same,,,,not_comparable,,not_comparable,,3735587,EXACT,SPECIES,True,iucn_not_assessed,inferred,[iucn_not_assessed] IUCN 분류군(Scrophularia takesimensis)은 있으나 공개된 평가가 없다
kd-육상식물-II급-046,세뿔투구꽃,Aconitum austrokoreense,육상식물,species,Aconitum austrokoreense,II급,statute_verified,NT,Global,13189404,2016,True,iucn_api_v4,matched,Aconitum austrokoreense,same,True,,True,korea_stricter,1,korea_stricter,1,7762188,EXACT,SPECIES,True,iucn_assessment_outdated,inferred,[iucn_assessment_outdated] 평가일(2015-11-01)이 조회일보다 10년 넘게 앞선다
kd-육상식물-II급-047,손바닥난초,Gymnadenia conopsea,육상식물,species,Gymnadenia conopsea,II급,statute_verified,LC,Europe,209154994,2026,False,iucn_api_v4,matched,Gymnadenia conopsea,same,False,,,not_comparable,,not_comparable,,7845022,EXACT,SPECIES,True,iucn_regional_assessment,inferred,[iucn_regional_assessment] IUCN 범주가 Europe 지역 평가에서 왔다. 전 지구 평가가 아니므로 법정 등급과 비교하지 않는다(`iucn_scope` 열 참고)
kd-육상식물-II급-048,솔잎난,Psilotum nudum,육상식물,species,Psilotum nudum,II급,statute_verified,LC,Global,192161425,2021,False,iucn_api_v4,matched,Psilotum nudum,same,True,,True,korea_stricter,2,korea_stricter,2,2688176,EXACT,SPECIES,True,,inferred,
kd-육상식물-II급-049,순채,Brasenia schreberi,육상식물,species,Brasenia schreberi,II급,statute_verified,LC,Global,78457027,2016,True,iucn_api_v4,matched,Brasenia schreberi,uncertain,False,,,not_comparable,,not_comparable,,2882446,EXACT,SPECIES,True,iucn_range_excludes_korea|iucn_assessment_outdated,range_check,[iucn_range_excludes_korea] Brasenia schreberi 의 전 지구 평가 분포국 목록(63개 항목)에 KR·KP 가 없다. 한반도 개체군이 이 평가 단위에 드는지 알 수 없으므로 관계를 uncertain 으로 두고 어느 비교 열에서도 비교하지 않는다 | [iucn_assessment_outdated] 평가일(2015-06-17)이 조회일보다 10년 넘게 앞선다
kd-육상식물-II급-050,신안새우난초,Calanthe aristulifera,육상식물,species,Calanthe aristulifera,II급,statute_verified,,,,,,iucn_none_returned,name_unresolved,,,,,,not_comparable,,not_comparable,,2795105,EXACT,SPECIES,True,iucn_name_unresolved,,[iucn_name_unresolved] 시도한 어떤 이름으로도 IUCN 분류군을 찾지 못했다 (6개 이름 시도)
kd-육상식물-II급-051,애기송이풀,Pedicularis ishidoyana,육상식물,species,Pedicularis ishidoyana,II급,statute_verified,,,,,,iucn_none_returned,not_assessed,Pedicularis ishidoyana,same,,,,not_comparable,,not_comparable,,3742306,EXACT,SPECIES,True,iucn_not_assessed,inferred,[iucn_not_assessed] IUCN 분류군(Pedicularis ishidoyana)은 있으나 공개된 평가가 없다
kd-육상식물-II급-052,연잎꿩의다리,Thalictrum coreanum,육상식물,species,Thalictrum coreanum,II급,statute_verified,,,,,,iucn_none_returned,not_assessed,Thalictrum ichangense coreanum,same,,,,not_comparable,,not_comparable,,3929981,EXACT,SPECIES,True,iucn_not_assessed,inferred,[iucn_not_assessed] IUCN 분류군(Thalictrum ichangense coreanum)은 있으나 공개된 평가가 없다
kd-육상식물-II급-053,왕제비꽃,Viola websteri,육상식물,species,Viola websteri,II급,statute_verified,,,,,,iucn_none_returned,not_assessed,Viola websteri,same,,,,not_comparable,,not_comparable,,5664544,EXACT,SPECIES,True,iucn_not_assessed,inferred,[iucn_not_assessed] IUCN 분류군(Viola websteri)은 있으나 공개된 평가가 없다
kd-육상식물-II급-054,으름난초,Cyrtosia septentrionalis,육상식물,species,Cyrtosia septentrionalis,II급,statute_verified,,,,,,iucn_none_returned,name_unresolved,,,,,,not_comparable,,not_comparable,,5308446,EXACT,SPECIES,True,iucn_name_unresolved,,[iucn_name_unresolved] 시도한 어떤 이름으로도 IUCN 분류군을 찾지 못했다 (2개 이름 시도)
kd-육상식물-II급-055,자주땅귀개,Utricularia yakusimensis,육상식물,species,Utricularia yakusimensis,II급,statute_verified,LC,Global,143968221,2018,True,iucn_api_v4,matched_via_synonym,Utricularia uliginosa,uncertain,False,,,not_comparable,,not_comparable,,4088323,EXACT,SPECIES,True,iucn_matched_via_synonym|iucn_range_excludes_korea|iucn_assessment_outdated,range_check,[iucn_matched_via_synonym] IUCN 은 이 종을 Utricularia uliginosa 로 평가한다 (별표 표기 Utricularia yakusimensis; 경로 gbif_accepted_name) | [iucn_range_excludes_korea] Utricularia uliginosa 의 전 지구 평가 분포국 목록(24개 항목)에 KR·KP 가 없다. 한반도 개체군이 이 평가 단위에 드는지 알 수 없으므로 관계를 uncertain 으로 두고 어느 비교 열에서도 비교하지 않는다 | [iucn_assessment_outdated] 평가일(2010-04-20)이 조회일보다 10년 넘게 앞선다
kd-육상식물-II급-056,장백제비꽃,Viola biflora,육상식물,species,Viola biflora,II급,statute_verified,,,,,,iucn_none_returned,not_assessed,Viola biflora,same,,,,not_comparable,,not_comparable,,5331325,EXACT,SPECIES,True,iucn_not_assessed,inferred,[iucn_not_assessed] IUCN 분류군(Viola biflora)은 있으나 공개된 평가가 없다
kd-육상식물-II급-057,전주물꼬리풀,Dysophylla yatabeana,육상식물,species,Dysophylla yatabeana,II급,statute_verified,,,,,,iucn_none_returned,not_assessed,Dysophylla yatabeana,same,,,,not_comparable,,not_comparable,,3901007,EXACT,SPECIES,True,iucn_not_assessed,inferred,[iucn_not_assessed] IUCN 분류군(Dysophylla yatabeana)은 있으나 공개된 평가가 없다
kd-육상식물-II급-058,정향풀,Amsonia elliptica,육상식물,species,Amsonia elliptica,II급,statute_verified,,,,,,iucn_none_returned,not_assessed,Amsonia elliptica,same,,,,not_comparable,,not_comparable,,3619167,EXACT,SPECIES,True,iucn_not_assessed,inferred,[iucn_not_assessed] IUCN 분류군(Amsonia elliptica)은 있으나 공개된 평가가 없다
kd-육상식물-II급-059,제비동자꽃,Lychnis wilfordii,육상식물,species,Lychnis wilfordii,II급,statute_verified,,,,,,iucn_none_returned,not_assessed,Lychnis wilfordii,same,,,,not_comparable,,not_comparable,,8290236,EXACT,SPECIES,True,iucn_not_assessed,inferred,[iucn_not_assessed] IUCN 분류군(Lychnis wilfordii)은 있으나 공개된 평가가 없다
kd-육상식물-II급-060,제비붓꽃,Iris laevigata,육상식물,species,Iris laevigata,II급,statute_verified,,,,,,iucn_none_returned,not_assessed,Iris laevigata,same,,,,not_comparable,,not_comparable,,5298334,EXACT,SPECIES,True,iucn_not_assessed,inferred,[iucn_not_assessed] IUCN 분류군(Iris laevigata)은 있으나 공개된 평가가 없다
kd-육상식물-II급-061,조름나물,Menyanthes trifoliata,육상식물,species,Menyanthes trifoliata,II급,statute_verified,LC,Global,42397943,2014,True,iucn_api_v4,matched,Menyanthes trifoliata,same,True,,True,korea_stricter,2,korea_stricter,2,5341511,EXACT,SPECIES,True,iucn_assessment_outdated,inferred,[iucn_assessment_outdated] 평가일(2013-04-25)이 조회일보다 10년 넘게 앞선다
kd-육상식물-II급-062,죽절초,Sarcandra glabra,육상식물,species,Sarcandra glabra,II급,statute_verified,,,,,,iucn_none_returned,name_unresolved,,,,,,not_comparable,,not_comparable,,7339073,EXACT,SPECIES,True,iucn_name_unresolved,,[iucn_name_unresolved] 시도한 어떤 이름으로도 IUCN 분류군을 찾지 못했다 (1개 이름 시도)
kd-육상식물-II급-063,지네발란,Cleisostoma scolopendrifolium,육상식물,species,Cleisostoma scolopendrifolium,II급,statute_verified,,,,,,iucn_none_returned,name_unresolved,,,,,,not_comparable,,not_comparable,,2785325,EXACT,SPECIES,True,iucn_name_unresolved,,[iucn_name_unresolved] 시도한 어떤 이름으로도 IUCN 분류군을 찾지 못했다 (3개 이름 시도)
kd-육상식물-II급-064,진노랑상사화,Lycoris chinensis,육상식물,variety,Lycoris chinensis var. sinuolata,II급,statute_verified,,,,,,iucn_none_returned,not_assessed,Lycoris uydoensis,different_taxon,,,,not_comparable,,not_comparable,,5326174,EXACT,SPECIES,True,iucn_not_assessed|iucn_concept_different_taxon,hand_override,[iucn_not_assessed] IUCN 분류군(Lycoris uydoensis)은 있으나 공개된 평가가 없다 | [iucn_concept_different_taxon] IUCN 쪽 이름 Lycoris uydoensis 는 별표의 Lycoris chinensis var. sinuolata 과(와) 다른 분류군이다(손 확인). 어느 비교 열에서도 비교하지 않는다.
kd-육상식물-II급-065,차걸이란,Oberonia japonica,육상식물,species,Oberonia japonica,II급,statute_verified,,,,,,iucn_none_returned,not_assessed,Oberonia japonica,same,,,,not_comparable,,not_comparable,,5312987,EXACT,SPECIES,True,iucn_not_assessed,inferred,[iucn_not_assessed] IUCN 분류군(Oberonia japonica)은 있으나 공개된 평가가 없다
kd-육상식물-II급-066,참닻꽃,Halenia coreana,육상식물,species,Halenia coreana,II급,statute_verified,,,,,,iucn_none_returned,not_assessed,Halenia coreana,same,,,,not_comparable,,not_comparable,,10820443,EXACT,SPECIES,True,iucn_not_assessed,inferred,[iucn_not_assessed] IUCN 분류군(Halenia coreana)은 있으나 공개된 평가가 없다
kd-육상식물-II급-067,참물부추,Isoetes coreana,육상식물,species,Isoetes coreana,II급,statute_verified,,,,,,iucn_none_returned,not_assessed,Isoetes sinensis coreana,same,,,,not_comparable,,not_comparable,,3584966,EXACT,SPECIES,True,iucn_not_assessed,inferred,[iucn_not_assessed] IUCN 분류군(Isoetes sinensis coreana)은 있으나 공개된 평가가 없다
kd-육상식물-II급-068,초령목,Michelia compressa,육상식물,species,Michelia compressa,II급,statute_verified,DD,Global,2290764,2014,True,iucn_api_v4,matched_via_synonym,Magnolia compressa,uncertain,False,,,not_comparable,,not_comparable,,5939055,EXACT,SPECIES,True,iucn_matched_via_synonym|iucn_range_excludes_korea|iucn_category_not_on_scale|iucn_assessment_outdated,range_check,[iucn_matched_via_synonym] IUCN 은 이 종을 Magnolia compressa 로 평가한다 (별표 표기 Michelia compressa; 경로 gbif_accepted_name) | [iucn_range_excludes_korea] Magnolia compressa 의 전 지구 평가 분포국 목록(5개 항목)에 KR·KP 가 없다. 한반도 개체군이 이 평가 단위에 드는지 알 수 없으므로 관계를 uncertain 으로 두고 어느 비교 열에서도 비교하지 않는다 | [iucn_category_not_on_scale] DD 는 서열 척도 밖이므로 괴리를 계산하지 않는다 | [iucn_assessment_outdated] 평가일(2012-09-05)이 조회일보다 10년 넘게 앞선다
kd-육상식물-II급-069,칠보치마,Metanarthecium luteo-viride,육상식물,species,Metanarthecium luteo-viride,II급,statute_verified,,,,,,iucn_none_returned,not_assessed,Metanarthecium luteo-viride,same,,,,not_comparable,,not_comparable,,2756019,FUZZY,SPECIES,False,iucn_not_assessed|gbif_match_outside_gate,inferred,[iucn_not_assessed] IUCN 분류군(Metanarthecium luteo-viride)은 있으나 공개된 평가가 없다 | [gbif_match_outside_gate] GBIF 매칭이 관문 밖이다: FUZZY/SPECIES (Metanarthecium luteoviride Maxim.)
kd-육상식물-II급-070,콩짜개란,Bulbophyllum drymoglossum,육상식물,species,Bulbophyllum drymoglossum,II급,statute_verified,,,,,,iucn_none_returned,not_assessed,Bulbophyllum drymoglossum,same,,,,not_comparable,,not_comparable,,2846182,EXACT,SPECIES,True,iucn_not_assessed,inferred,[iucn_not_assessed] IUCN 분류군(Bulbophyllum drymoglossum)은 있으나 공개된 평가가 없다
kd-육상식물-II급-071,큰바늘꽃,Epilobium hirsutum,육상식물,species,Epilobium hirsutum,II급,statute_verified,LC,Global,1044291,2013,True,iucn_api_v4,matched,Epilobium hirsutum,same,True,,True,korea_stricter,2,korea_stricter,2,3189172,EXACT,SPECIES,True,iucn_assessment_outdated,inferred,[iucn_assessment_outdated] 평가일(2012-05-02)이 조회일보다 10년 넘게 앞선다
kd-육상식물-II급-072,파초일엽,Asplenium antiquum,육상식물,species,Asplenium antiquum,II급,statute_verified,,,,,,iucn_none_returned,name_unresolved,,,,,,not_comparable,,not_comparable,,4257299,EXACT,SPECIES,True,iucn_name_unresolved,,[iucn_name_unresolved] 시도한 어떤 이름으로도 IUCN 분류군을 찾지 못했다 (3개 이름 시도)
kd-육상식물-II급-073,피뿌리풀,Stellera chamaejasme,육상식물,species,Stellera chamaejasme,II급,statute_verified,,,,,,iucn_none_returned,not_assessed,Stellera chamaejasme,same,,,,not_comparable,,not_comparable,,7311593,EXACT,SPECIES,True,iucn_not_assessed,inferred,[iucn_not_assessed] IUCN 분류군(Stellera chamaejasme)은 있으나 공개된 평가가 없다
kd-육상식물-II급-074,한라송이풀,Pedicularis hallaisanensis,육상식물,species,Pedicularis hallaisanensis,II급,statute_verified,,,,,,iucn_none_returned,not_assessed,Pedicularis verticillata,broader,,,,not_comparable,,not_comparable,,3742777,EXACT,SPECIES,True,iucn_not_assessed|iucn_concept_broader,inferred,[iucn_not_assessed] IUCN 분류군(Pedicularis verticillata)은 있으나 공개된 평가가 없다 | [iucn_concept_broader] GBIF Backbone 이 법정 종을 다른 종의 이명으로 둔 병합이다(Pedicularis hallaisanensis -> Pedicularis verticillata). IUCN 단위가 더 넓으므로 mismatch_type 은 not_comparable 이다. IUCN 평가가 없으므로 어느 비교 열에서도 비교하지 않는다
kd-육상식물-II급-075,한라옥잠난초,Liparis auriculata,육상식물,species,Liparis auriculata,II급,statute_verified,,,,,,iucn_none_returned,not_assessed,Liparis auriculata,same,,,,not_comparable,,not_comparable,,5322891,EXACT,SPECIES,True,iucn_not_assessed,inferred,[iucn_not_assessed] IUCN 분류군(Liparis auriculata)은 있으나 공개된 평가가 없다
kd-육상식물-II급-076,한라장구채,Silene fasciculata,육상식물,species,Silene fasciculata,II급,statute_verified,,,,,,iucn_none_returned,not_assessed,Silene fasciculata,same,,,,not_comparable,,not_comparable,,3085897,HIGHERRANK,GENUS,False,iucn_not_assessed|gbif_match_outside_gate,inferred,[iucn_not_assessed] IUCN 분류군(Silene fasciculata)은 있으나 공개된 평가가 없다 | [gbif_match_outside_gate] GBIF 매칭이 관문 밖이다: HIGHERRANK/GENUS (Silene L.)
kd-육상식물-II급-077,해오라비난초,Habenaria radiata,육상식물,species,Habenaria radiata,II급,statute_verified,,,,,,iucn_none_returned,name_unresolved,,,,,,not_comparable,,not_comparable,,2828705,EXACT,SPECIES,True,iucn_name_unresolved,,[iucn_name_unresolved] 시도한 어떤 이름으로도 IUCN 분류군을 찾지 못했다 (10개 이름 시도)
kd-육상식물-II급-078,혹난초,Bulbophyllum inconspicuum,육상식물,species,Bulbophyllum inconspicuum,II급,statute_verified,,,,,,iucn_none_returned,not_assessed,Bulbophyllum inconspicuum,same,,,,not_comparable,,not_comparable,,2845950,EXACT,SPECIES,True,iucn_not_assessed,inferred,[iucn_not_assessed] IUCN 분류군(Bulbophyllum inconspicuum)은 있으나 공개된 평가가 없다
kd-육상식물-II급-079,홍월귤,Arctous rubra,육상식물,species,Arctous rubra,II급,statute_verified,,,,,,iucn_none_returned,not_assessed,Arctous erythrocarpa,uncertain,,,,not_comparable,,not_comparable,,2882597,EXACT,SPECIES,True,iucn_not_assessed|iucn_concept_uncertain,inferred,[iucn_not_assessed] IUCN 분류군(Arctous erythrocarpa)은 있으나 공개된 평가가 없다 | [iucn_concept_uncertain] Arctous erythrocarpa 와 법정 분류군 Arctous rubra 의 관계를 이름만으로 정할 수 없다(경로 gbif_synonym). 어느 비교 열에서도 비교하지 않는다
kd-해조류-II급-001,그물공말,Dictyosphaeria cavernosa,해조류,species,Dictyosphaeria cavernosa,II급,statute_verified,,,,,,iucn_none_returned,not_assessed,Dictyosphaeria cavernosa,same,,,,not_comparable,,not_comparable,,2644845,EXACT,SPECIES,True,iucn_not_assessed,inferred,[iucn_not_assessed] IUCN 분류군(Dictyosphaeria cavernosa)은 있으나 공개된 평가가 없다
kd-해조류-II급-002,삼나무말,Coccophora langsdorfii,해조류,species,Coccophora langsdorfii,II급,statute_verified,,,,,,iucn_none_returned,name_unresolved,,,,,,not_comparable,,not_comparable,,3197467,HIGHERRANK,GENUS,False,iucn_name_unresolved|gbif_match_outside_gate,,"[iucn_name_unresolved] 시도한 어떤 이름으로도 IUCN 분류군을 찾지 못했다 (1개 이름 시도) | [gbif_match_outside_gate] GBIF 매칭이 관문 밖이다: HIGHERRANK/GENUS (Coccophora Greville, 1830)"
kd-고등균류-II급-001,화경솔밭버섯,Omphalotus guepiniiformis,고등균류,species,Omphalotus guepiniiformis,II급,statute_verified,,,,,,iucn_none_returned,name_unresolved,,,,,,not_comparable,,not_comparable,,3321448,EXACT,SPECIES,True,iucn_name_unresolved,,[iucn_name_unresolved] 시도한 어떤 이름으로도 IUCN 분류군을 찾지 못했다 (11개 이름 시도)
