id,korean_name,scientific_name,english_name,taxon_group,korea_nie_grade,korea_grade_source,iucn_category,iucn_scope,iucn_assessment_id,iucn_source,mismatch_flag,mismatch_type,severity_gap,statute_rank,iucn_match_status,iucn_concept_relation,mismatch_type_any_concept,severity_gap_any_concept,abs_gap,reading,gbif_occurrence_kr
jeombakyi_mulbeom,점박이물범,Phoca largha,Spotted seal,포유류,I급,statute_verified,LC,Global,288662409,iucn_api_v4,True,korea_stricter,4,species,matched,same,korea_stricter,4,4,national designation more severe than the Global IUCN category,40
sudal,수달,Lutra lutra,Eurasian otter,포유류,I급,statute_verified,NT,Global,218069689,iucn_api_v4,True,korea_stricter,3,species,matched,same,korea_stricter,3,3,national designation more severe than the Global IUCN category,3613
suri_buheongi,수리부엉이,Bubo bubo,Eurasian eagle-owl,조류,II급,statute_verified,LC,Global,280978716,iucn_api_v4,True,korea_stricter,2,species,matched,same,korea_stricter,2,2,national designation more severe than the Global IUCN category,424
durumi,두루미,Grus japonensis,Red-crowned crane,조류,I급,statute_verified,VU,Global,213488064,iucn_api_v4,True,korea_stricter,2,species,matched,same,korea_stricter,2,2,national designation more severe than the Global IUCN category,1372
maengkkongi,맹꽁이,Kaloula borealis,Boreal digging frog,양서류,II급,statute_verified,LC,Global,63887081,iucn_api_v4,True,korea_stricter,2,species,matched,same,korea_stricter,2,2,national designation more severe than the Global IUCN category,2146
jeoeosae,저어새,Platalea minor,Black-faced spoonbill,조류,I급,statute_verified,VU,Global,154689773,iucn_api_v4,True,korea_stricter,2,species,matched,same,korea_stricter,2,2,national designation more severe than the Global IUCN category,16679
namsaengi,남생이,Mauremys reevesii,Reeves' pond turtle,파충류,II급,statute_verified,EN,Global,97431862,iucn_api_v4,True,iucn_stricter,-1,species,matched,same,iucn_stricter,-1,1,Global IUCN category more severe than the national designation,91
geum_gaeguri,금개구리,Pelophylax chosenicus,Seoul pond frog,양서류,II급,statute_verified,VU,Global,110101963,iucn_api_v4,False,aligned,0,species,matched,same,aligned,0,0,same position on the display scale (control case),453
hanuel_daramji,하늘다람쥐,Pteromys volans,Siberian flying squirrel,포유류,II급,statute_verified,LC,Global,115144995,iucn_api_v4,,not_comparable,,subspecies,matched_at_species_rank,broader,korea_stricter,2,,no Global IUCN category on the ordinal scale for the designated taxon (includes species-rank assessments of designated subspecies); no gap computed,324
bandal_gaseumgom,반달가슴곰,Ursus thibetanus,Asiatic black bear,포유류,I급,statute_verified,VU,Global,166528664,iucn_api_v4,,not_comparable,,subspecies,matched_at_species_rank,broader,korea_stricter,2,,no Global IUCN category on the ordinal scale for the designated taxon (includes species-rank assessments of designated subspecies); no gap computed,4
